! UMM Nonlinear Pressure Table
! Generated from Liew et al. 2024 Unified Momentum Model
! https://github.com/Howland-Lab/Unified-Momentum-Model
! Format: Rows = x values (downstream distance/D), Cols = dp values (CT/2)
! dp range: 0-5.0 (CT range: 0-10.0), x range: 0-20.0
!---------------------------------------------------------------------
51    ! NumDP (number of dp=CT/2 values)
200    ! NumX (number of x=downstream distance values)
!---------------------------------------------------------------------
! dp values (CT/2):
0.000000 0.100000 0.200000 0.300000 0.400000 0.500000 0.600000 0.700000 0.800000 0.900000 1.000000 1.100000 1.200000 1.300000 1.400000 1.500000 1.600000 1.700000 1.800000 1.900000 2.000000 2.100000 2.200000 2.300000 2.400000 2.500000 2.600000 2.700000 2.800000 2.900000 3.000000 3.100000 3.200000 3.300000 3.400000 3.500000 3.600000 3.700000 3.800000 3.900000 4.000000 4.100000 4.200000 4.300000 4.400000 4.500000 4.600000 4.700000 4.800000 4.900000 5.000000
!---------------------------------------------------------------------
! x values (downstream distance/D):
0.050000 0.150000 0.250000 0.350000 0.450000 0.550000 0.650000 0.750000 0.850000 0.950000 1.050000 1.150000 1.250000 1.350000 1.450000 1.550000 1.650000 1.750000 1.850000 1.950000 2.050000 2.150000 2.250000 2.350000 2.450000 2.550000 2.650000 2.750000 2.850000 2.950000 3.050000 3.150000 3.250000 3.350000 3.450000 3.550000 3.650000 3.750000 3.850000 3.950000 4.050000 4.150000 4.250000 4.350000 4.450000 4.550000 4.650000 4.750000 4.850000 4.950000 5.050000 5.150000 5.250000 5.350000 5.450000 5.550000 5.650000 5.750000 5.850000 5.950000 6.050000 6.150000 6.250000 6.350000 6.450000 6.550000 6.650000 6.750000 6.850000 6.950000 7.050000 7.150000 7.250000 7.350000 7.450000 7.550000 7.650000 7.750000 7.850000 7.950000 8.050000 8.150000 8.250000 8.350000 8.450000 8.550000 8.650000 8.750000 8.850000 8.950000 9.050000 9.150000 9.250000 9.350000 9.450000 9.550000 9.650000 9.750000 9.850000 9.950000 10.050000 10.150000 10.250000 10.350000 10.450000 10.550000 10.650000 10.750000 10.850000 10.950000 11.050000 11.150000 11.250000 11.350000 11.450000 11.550000 11.650000 11.750000 11.850000 11.950000 12.050000 12.150000 12.250000 12.350000 12.450000 12.550000 12.650000 12.750000 12.850000 12.950000 13.050000 13.150000 13.250000 13.350000 13.450000 13.550000 13.650000 13.750000 13.850000 13.950000 14.050000 14.150000 14.250000 14.350000 14.450000 14.550000 14.650000 14.750000 14.850000 14.950000 15.050000 15.150000 15.250000 15.350000 15.450000 15.550000 15.650000 15.750000 15.850000 15.950000 16.050000 16.150000 16.250000 16.350000 16.450000 16.550000 16.650000 16.750000 16.850000 16.950000 17.050000 17.150000 17.250000 17.350000 17.450000 17.550000 17.650000 17.750000 17.850000 17.950000 18.050000 18.150000 18.250000 18.350000 18.450000 18.550000 18.650000 18.750000 18.850000 18.950000 19.050000 19.150000 19.250000 19.350000 19.450000 19.550000 19.650000 19.750000 19.850000 19.950000
!---------------------------------------------------------------------
! Pressure table (rows=x, cols=dp):
0.00000000e+00 0.00000000e+00 0.00000000e+00 0.00000000e+00 0.00000000e+00 0.00000000e+00 0.00000000e+00 0.00000000e+00 0.00000000e+00 0.00000000e+00 0.00000000e+00 0.00000000e+00 0.00000000e+00 0.00000000e+00 0.00000000e+00 0.00000000e+00 0.00000000e+00 0.00000000e+00 0.00000000e+00 0.00000000e+00 0.00000000e+00 0.00000000e+00 0.00000000e+00 0.00000000e+00 0.00000000e+00 0.00000000e+00 0.00000000e+00 0.00000000e+00 0.00000000e+00 0.00000000e+00 0.00000000e+00 0.00000000e+00 0.00000000e+00 0.00000000e+00 0.00000000e+00 0.00000000e+00 0.00000000e+00 0.00000000e+00 0.00000000e+00 0.00000000e+00 0.00000000e+00 0.00000000e+00 0.00000000e+00 0.00000000e+00 0.00000000e+00 0.00000000e+00 0.00000000e+00 0.00000000e+00 0.00000000e+00 0.00000000e+00 0.00000000e+00
0.00000000e+00 0.00000000e+00 0.00000000e+00 0.00000000e+00 0.00000000e+00 0.00000000e+00 0.00000000e+00 0.00000000e+00 0.00000000e+00 0.00000000e+00 0.00000000e+00 0.00000000e+00 0.00000000e+00 0.00000000e+00 0.00000000e+00 0.00000000e+00 0.00000000e+00 0.00000000e+00 0.00000000e+00 0.00000000e+00 0.00000000e+00 0.00000000e+00 0.00000000e+00 0.00000000e+00 0.00000000e+00 0.00000000e+00 0.00000000e+00 0.00000000e+00 0.00000000e+00 0.00000000e+00 0.00000000e+00 0.00000000e+00 0.00000000e+00 0.00000000e+00 0.00000000e+00 0.00000000e+00 0.00000000e+00 0.00000000e+00 0.00000000e+00 0.00000000e+00 0.00000000e+00 0.00000000e+00 0.00000000e+00 0.00000000e+00 0.00000000e+00 0.00000000e+00 0.00000000e+00 0.00000000e+00 0.00000000e+00 0.00000000e+00 0.00000000e+00
0.00000000e+00 -1.35689274e-04 -5.74042429e-04 -1.47208061e-03 -3.11680015e-03 -5.66344104e-03 -8.85702131e-03 -1.15011148e-02 -1.19766713e-02 -1.28956833e-02 -1.35508230e-02 -1.63964959e-02 -1.95131852e-02 -2.29008909e-02 -2.65596132e-02 -3.04893518e-02 -3.46901070e-02 -3.91618786e-02 -4.39046666e-02 -4.89184712e-02 -5.42032921e-02 -5.97591296e-02 -6.55859835e-02 -7.16838539e-02 -7.80527407e-02 -8.46926440e-02 -9.16035637e-02 -9.87854999e-02 -1.06238453e-01 -1.13962422e-01 -1.21957407e-01 -1.30223409e-01 -1.38760428e-01 -1.47568463e-01 -1.56647514e-01 -1.65997582e-01 -1.75618667e-01 -1.85510767e-01 -1.95673885e-01 -2.06108018e-01 -2.16813169e-01 -2.27789335e-01 -2.39036518e-01 -2.50554718e-01 -2.62343934e-01 -2.74404167e-01 -2.86735415e-01 -2.99337681e-01 -3.12210963e-01 -3.25355261e-01 -3.38770576e-01
0.00000000e+00 -3.48634630e-04 -1.52320350e-03 -3.86765883e-03 -7.86539261e-03 -1.39690467e-02 -2.22827368e-02 -3.20495593e-02 -4.08915304e-02 -4.68646149e-02 -5.31516658e-02 -5.59819377e-02 -5.44146541e-02 -5.64951149e-02 -6.55209617e-02 -7.52153897e-02 -8.55783989e-02 -9.66099894e-02 -1.08310161e-01 -1.20678914e-01 -1.33716248e-01 -1.47422164e-01 -1.61796660e-01 -1.76839738e-01 -1.92551398e-01 -2.08931638e-01 -2.25980460e-01 -2.43697863e-01 -2.62083847e-01 -2.81138412e-01 -3.00861559e-01 -3.21253287e-01 -3.42313596e-01 -3.64042486e-01 -3.86439958e-01 -4.09506011e-01 -4.33240645e-01 -4.57643860e-01 -4.82715657e-01 -5.08456034e-01 -5.34864993e-01 -5.61942534e-01 -5.89688655e-01 -6.18103358e-01 -6.47186642e-01 -6.76938507e-01 -7.07358954e-01 -7.38447981e-01 -7.70205590e-01 -8.02631781e-01 -8.35726552e-01
0.00000000e+00 -4.93052571e-04 -2.17836180e-03 -5.54880089e-03 -1.12880710e-02 -2.01108068e-02 -3.24554744e-02 -4.79825489e-02 -6.48246733e-02 -7.87286860e-02 -9.22490819e-02 -1.06913261e-01 -1.15201998e-01 -1.07832252e-01 -1.06488324e-01 -1.20485037e-01 -1.35224675e-01 -1.50537833e-01 -1.67152489e-01 -1.84889879e-01 -2.03078984e-01 -2.21608731e-01 -2.40509664e-01 -2.60855163e-01 -2.81544828e-01 -3.02481412e-01 -3.23561595e-01 -3.44675987e-01 -3.65709125e-01 -3.88971021e-01 -4.16259119e-01 -4.44472237e-01 -4.73610376e-01 -5.03673534e-01 -5.34661713e-01 -5.66574912e-01 -5.99413132e-01 -6.33176371e-01 -6.67864631e-01 -7.03477912e-01 -7.40016212e-01 -7.77479533e-01 -8.15867874e-01 -8.55181235e-01 -8.95419617e-01 -9.36583018e-01 -9.78671440e-01 -1.02168488e+00 -1.06562335e+00 -1.11048683e+00 -1.15627533e+00
0.00000000e+00 -5.92757258e-04 -2.64059192e-03 -6.76137230e-03 -1.38115856e-02 -2.47372123e-02 -4.02782126e-02 -6.04788649e-02 -8.39503577e-02 -1.06826198e-01 -1.27423708e-01 -1.47921778e-01 -1.70165458e-01 -1.80328347e-01 -1.70890264e-01 -1.93404817e-01 -2.22236298e-01 -2.52910986e-01 -2.85320523e-01 -3.19338320e-01 -3.54819548e-01 -3.91601146e-01 -4.29501817e-01 -4.68322028e-01 -5.07844014e-01 -5.47831770e-01 -5.88476583e-01 -6.30960991e-01 -6.73620503e-01 -7.16203740e-01 -7.58443791e-01 -8.01034328e-01 -8.45042910e-01 -8.88426036e-01 -9.30910015e-01 -9.72207790e-01 -1.01201894e+00 -1.05398611e+00 -1.09542418e+00 -1.13525281e+00 -1.17318448e+00 -1.20892053e+00 -1.24215120e+00 -1.27766621e+00 -1.32647064e+00 -1.37818064e+00 -1.42968259e+00 -1.48085076e+00 -1.53155520e+00 -1.58166173e+00 -1.63103193e+00
0.00000000e+00 -6.62941270e-04 -2.97240631e-03 -7.64842526e-03 -1.56907885e-02 -2.82394628e-02 -4.62892754e-02 -7.02108618e-02 -9.90239857e-02 -1.29363450e-01 -1.55474550e-01 -1.83842138e-01 -2.14066861e-01 -2.38623577e-01 -2.43656860e-01 -2.51560348e-01 -2.92882245e-01 -3.37872264e-01 -3.86582779e-01 -4.39054302e-01 -4.95315488e-01 -5.55383127e-01 -6.19262152e-01 -6.86945633e-01 -7.58414783e-01 -8.33638951e-01 -9.12575629e-01 -9.95170445e-01 -1.08135717e+00 -1.17105771e+00 -1.26418212e+00 -1.36062858e+00 -1.46028343e+00 -1.56302113e+00 -1.66870428e+00 -1.77718364e+00 -1.88829809e+00 -2.00187466e+00 -2.11772851e+00 -2.23566295e+00 -2.35546942e+00 -2.47692751e+00 -2.59980494e+00 -2.72385758e+00 -2.84882942e+00 -2.97445262e+00 -3.10044746e+00 -3.22652235e+00 -3.35237386e+00 -3.47768669e+00 -3.60213369e+00
0.00000000e+00 -7.12024475e-04 -3.20994074e-03 -8.29656381e-03 -1.70882734e-02 -3.08830842e-02 -5.08832043e-02 -7.77237765e-02 -1.10753550e-01 -1.47007292e-01 -1.79803807e-01 -2.14699367e-01 -2.48637761e-01 -2.84676075e-01 -3.04052736e-01 -2.98303935e-01 -3.48740414e-01 -4.05259644e-01 -4.67132495e-01 -5.34540138e-01 -6.07657375e-01 -6.86652640e-01 -7.71687993e-01 -8.62919129e-01 -9.60495371e-01 -1.06455967e+00 -1.17524861e+00 -1.29269241e+00 -1.41701491e+00 -1.54833359e+00 -1.68675955e+00 -1.83239752e+00 -1.98534587e+00 -2.14569660e+00 -2.31353534e+00 -2.48894133e+00 -2.67198747e+00 -2.86274027e+00 -3.06125988e+00 -3.26760008e+00 -3.48180828e+00 -3.70392551e+00 -3.93398644e+00 -4.17201937e+00 -4.41804623e+00 -4.67208258e+00 -4.93413760e+00 -5.20421413e+00 -5.48230860e+00 -5.76841110e+00 -6.06250534e+00
0.00000000e+00 -7.45274148e-04 -3.37630291e-03 -8.76288670e-03 -1.81155868e-02 -3.28595903e-02 -5.43628244e-02 -8.34696329e-02 -1.19785330e-01 -1.60650943e-01 -1.99741462e-01 -2.38712592e-01 -2.75611353e-01 -3.20663178e-01 -3.51266426e-01 -3.53178644e-01 -3.93371901e-01 -4.59300831e-01 -5.31947782e-01 -6.11614402e-01 -6.98600787e-01 -7.93205481e-01 -8.95725475e-01 -1.00645621e+00 -1.12569157e+00 -1.25372390e+00 -1.39084397e+00 -1.53734102e+00 -1.69350273e+00 -1.85961523e+00 -2.03596309e+00 -2.22282934e+00 -2.42049544e+00 -2.62924133e+00 -2.84934536e+00 -3.08108435e+00 -3.32473357e+00 -3.58056673e+00 -3.84885598e+00 -4.12987195e+00 -4.42388367e+00 -4.73115867e+00 -5.05196288e+00 -5.38656071e+00 -5.73521501e+00 -6.09818708e+00 -6.47573665e+00 -6.86812192e+00 -7.27559953e+00 -7.69842457e+00 -8.13685057e+00
0.00000000e+00 -7.66370283e-04 -3.48771432e-03 -9.08793337e-03 -1.88533265e-02 -3.43106436e-02 -5.69587437e-02 -8.78047274e-02 -1.26649351e-01 -1.71060464e-01 -2.14967147e-01 -2.57174210e-01 -2.98288677e-01 -3.48479227e-01 -3.87734750e-01 -4.00207892e-01 -4.29150288e-01 -5.02809090e-01 -5.84336097e-01 -6.74137251e-01 -7.72621217e-01 -8.80199389e-01 -9.97285883e-01 -1.12429754e+00 -1.26165393e+00 -1.40977735e+00 -1.56909281e+00 -1.74002805e+00 -1.92301356e+00 -2.11848251e+00 -2.32687083e+00 -2.54861716e+00 -2.78416287e+00 -3.03395206e+00 -3.29843155e+00 -3.57805088e+00 -3.87326232e+00 -4.18452086e+00 -4.51228424e+00 -4.85701289e+00 -5.21916999e+00 -5.59922143e+00 -5.99763584e+00 -6.41488455e+00 -6.85144165e+00 -7.30778393e+00 -7.78439091e+00 -8.28174485e+00 -8.80033071e+00 -9.34063619e+00 -9.90315172e+00
0.00000000e+00 -7.78068197e-04 -3.55629699e-03 -9.30203500e-03 -1.93620498e-02 -3.53434258e-02 -5.88470933e-02 -9.10043571e-02 -1.31760665e-01 -1.78844725e-01 -2.26354948e-01 -2.71114482e-01 -3.17398581e-01 -3.69630519e-01 -4.15419242e-01 -4.35782054e-01 -4.57741685e-01 -5.37753647e-01 -6.26606383e-01 -7.24796529e-01 -8.32827265e-01 -9.51208315e-01 -1.08045594e+00 -1.22109296e+00 -1.37364872e+00 -1.53865911e+00 -1.71666657e+00 -1.90822009e+00 -2.11387518e+00 -2.33419392e+00 -2.56974491e+00 -2.82110331e+00 -3.08885081e+00 -3.37357564e+00 -3.67587260e+00 -3.99634300e+00 -4.33559472e+00 -4.69424216e+00 -5.07290627e+00 -5.47221455e+00 -5.89280105e+00 -6.33530633e+00 -6.80037754e+00 -7.28866833e+00 -7.80083892e+00 -8.33755605e+00 -8.89949304e+00 -9.48732971e+00 -1.01017524e+01 -1.07434542e+01 -1.14131344e+01
0.00000000e+00 -7.82503683e-04 -3.59143050e-03 -9.42863755e-03 -1.96885602e-02 -3.60408324e-02 -6.01642948e-02 -9.32822149e-02 -1.35442345e-01 -1.84479242e-01 -2.34590079e-01 -2.81337538e-01 -3.31367409e-01 -3.85290688e-01 -4.35852694e-01 -4.61885041e-01 -4.80390670e-01 -5.65602592e-01 -6.60476674e-01 -7.65588451e-01 -8.81523411e-01 -1.00887700e+00 -1.14825461e+00 -1.30027159e+00 -1.46555326e+00 -1.64473487e+00 -1.83846163e+00 -2.04738871e+00 -2.27218124e+00 -2.51351430e+00 -2.77207290e+00 -3.04855205e+00 -3.34365668e+00 -3.65810167e+00 -3.99261189e+00 -4.34792213e+00 -4.72477715e+00 -5.12393166e+00 -5.54615032e+00 -5.99220775e+00 -6.46288854e+00 -6.95898719e+00 -7.48130820e+00 -8.03066600e+00 -8.60788499e+00 -9.21379950e+00 -9.84925383e+00 -1.05151022e+01 -1.12122089e+01 -1.19414481e+01 -1.27037038e+01
0.00000000e+00 -7.81356620e-04 -3.60049708e-03 -9.48620176e-03 -1.98697162e-02 -3.64681447e-02 -6.10177672e-02 -9.48065264e-02 -1.37948657e-01 -1.88338158e-01 -2.40211543e-01 -2.88475642e-01 -3.41057812e-01 -3.96381964e-01 -4.50239254e-01 -4.80075082e-01 -4.98073969e-01 -5.87507417e-01 -6.87293739e-01 -7.98076941e-01 -9.20514028e-01 -1.05527500e+00 -1.20304286e+00 -1.36451360e+00 -1.54039622e+00 -1.73141270e+00 -1.93829805e+00 -2.16180024e+00 -2.40268026e+00 -2.66171210e+00 -2.93968273e+00 -3.23739214e+00 -3.55565330e+00 -3.89529219e+00 -4.25714777e+00 -4.64207202e+00 -5.05092990e+00 -5.48459938e+00 -5.94397142e+00 -6.42994999e+00 -6.94345203e+00 -7.48540751e+00 -8.05675937e+00 -8.65846358e+00 -9.29148908e+00 -9.95681781e+00 -1.06554447e+01 -1.13883777e+01 -1.21566378e+01 -1.29612589e+01 -1.38032880e+01
0.00000000e+00 -7.75954420e-04 -3.58934951e-03 -9.48940344e-03 -1.99348811e-02 -3.66774467e-02 -6.14932940e-02 -9.57116940e-02 -1.39482749e-01 -1.90720301e-01 -2.43649585e-01 -2.93034057e-01 -3.47158689e-01 -4.03641683e-01 -4.59541024e-01 -4.91596247e-01 -5.11583444e-01 -6.04402324e-01 -7.08150907e-01 -8.23532369e-01 -9.51265592e-01 -1.09208516e+00 -1.24674137e+00 -1.41600022e+00 -1.60064340e+00 -1.80146832e+00 -2.01928809e+00 -2.25493153e+00 -2.50924315e+00 -2.78308319e+00 -3.07732756e+00 -3.39286791e+00 -3.73061157e+00 -4.09148159e+00 -4.47641671e+00 -4.88637138e+00 -5.32231577e+00 -5.78523574e+00 -6.27613285e+00 -6.79602438e+00 -7.34594330e+00 -7.92693830e+00 -8.54007375e+00 -9.18642975e+00 -9.86710210e+00 -1.05832023e+01 -1.13358575e+01 -1.21262108e+01 -1.29554205e+01 -1.38246612e+01 -1.47351228e+01
0.00000000e+00 -7.67346075e-04 -3.56263907e-03 -9.44996374e-03 -1.99076060e-02 -3.67106590e-02 -6.16601101e-02 -9.61064177e-02 -1.40209160e-01 -1.91867922e-01 -2.45253155e-01 -2.95423233e-01 -3.50229745e-01 -4.07669649e-01 -4.64540682e-01 -4.97460439e-01 -5.21573812e-01 -6.17060939e-01 -7.23954920e-01 -8.43009775e-01 -9.74997621e-01 -1.12070868e+00 -1.28095129e+00 -1.45655186e+00 -1.64835493e+00 -1.85722313e+00 -2.08403720e+00 -2.32969598e+00 -2.59511640e+00 -2.88123352e+00 -3.18900048e+00 -3.51938853e+00 -3.87338702e+00 -4.25200340e+00 -4.65626324e+00 -5.08721018e+00 -5.54590601e+00 -6.03343057e+00 -6.55088185e+00 -7.09937590e+00 -7.68004691e+00 -8.29404715e+00 -8.94254700e+00 -9.62673493e+00 -1.03478175e+01 -1.11070195e+01 -1.19055836e+01 -1.27447708e+01 -1.36258600e+01 -1.45501483e+01 -1.55189510e+01
0.00000000e+00 -7.56358977e-04 -3.52406243e-03 -9.37726288e-03 -1.98068548e-02 -3.66017183e-02 -6.15745204e-02 -9.60794318e-02 -1.40262618e-01 -1.91979863e-01 -2.45309194e-01 -2.95981205e-01 -3.50732536e-01 -4.08960858e-01 -4.65884815e-01 -4.98504249e-01 -5.28592689e-01 -6.26131697e-01 -7.35467316e-01 -8.57396931e-01 -9.92738144e-01 -1.14232877e+00 -1.30702686e+00 -1.48771064e+00 -1.68527860e+00 -1.90064942e+00 -2.13476200e+00 -2.38857546e+00 -2.66306912e+00 -2.95924256e+00 -3.27811552e+00 -3.62072800e+00 -3.98814019e+00 -4.38143252e+00 -4.80170561e+00 -5.25008032e+00 -5.72769772e+00 -6.23571909e+00 -6.77532592e+00 -7.34771994e+00 -7.95412307e+00 -8.59577747e+00 -9.27394551e+00 -9.98990976e+00 -1.07449730e+01 -1.15404583e+01 -1.23777089e+01 -1.32580882e+01 -1.41829798e+01 -1.51537877e+01 -1.61719360e+01
0.00000000e+00 -7.43643920e-04 -3.47655459e-03 -9.27881301e-03 -1.96479341e-02 -3.63782080e-02 -6.12825685e-02 -9.57036815e-02 -1.39754372e-01 -1.91220933e-01 -2.44056271e-01 -2.94989388e-01 -3.49052213e-01 -4.07928427e-01 -4.64114105e-01 -4.95428388e-01 -5.33101293e-01 -6.32162063e-01 -7.43332521e-01 -8.67446724e-01 -1.00536079e+00 -1.15795293e+00 -1.32612339e+00 -1.51079451e+00 -1.71291069e+00 -1.93343841e+00 -2.17336620e+00 -2.43370469e+00 -2.71548655e+00 -3.01976653e+00 -3.34762146e+00 -3.70015023e+00 -4.07847379e+00 -4.48373518e+00 -4.91709950e+00 -5.37975391e+00 -5.87290766e+00 -6.39779205e+00 -6.95566047e+00 -7.54778836e+00 -8.17547324e+00 -8.84003470e+00 -9.54281439e+00 -1.02851760e+01 -1.10685055e+01 -1.18942105e+01 -1.27637211e+01 -1.36784893e+01 -1.46399891e+01 -1.56497167e+01 -1.67091903e+01
0.00000000e+00 -7.29711136e-04 -3.42244226e-03 -9.16063077e-03 -1.94432180e-02 -3.60626139e-02 -6.08220671e-02 -9.50394610e-02 -1.38776898e-01 -1.89728785e-01 -2.41694469e-01 -2.92684041e-01 -3.45513167e-01 -4.04920147e-01 -4.59684964e-01 -4.88825739e-01 -5.35489788e-01 -6.35616354e-01 -7.48098434e-01 -8.73800750e-01 -1.01361171e+00 -1.16844340e+00 -1.33923160e+00 -1.52693578e+00 -1.73253906e+00 -1.95704828e+00 -2.20149395e+00 -2.46693027e+00 -2.75443512e+00 -3.06511005e+00 -3.40008033e+00 -3.76049487e+00 -4.14752629e+00 -4.56237090e+00 -5.00624868e+00 -5.48040330e+00 -5.98610210e+00 -6.52463613e+00 -7.09732010e+00 -7.70549242e+00 -8.35051518e+00 -9.03377415e+00 -9.75667879e+00 -1.05206622e+01 -1.13271813e+01 -1.21777165e+01 -1.30737721e+01 -1.40168758e+01 -1.50085793e+01 -1.60504579e+01 -1.71441104e+01
0.00000000e+00 -7.14959206e-04 -3.36356659e-03 -9.02753383e-03 -1.92027216e-02 -3.56733098e-02 -6.02241779e-02 -9.41368312e-02 -1.37407476e-01 -1.87619112e-01 -2.38392775e-01 -2.89264843e-01 -3.40390629e-01 -4.00230834e-01 -4.52985535e-01 -4.79201954e-01 -5.36089213e-01 -6.36889586e-01 -7.50232346e-01 -8.77007516e-01 -1.01813020e+00 -1.17454059e+00 -1.34720393e+00 -1.53711059e+00 -1.74527598e+00 -1.97274062e+00 -2.22057008e+00 -2.48985504e+00 -2.78171124e+00 -3.09727951e+00 -3.43772575e+00 -3.80424097e+00 -4.19804122e+00 -4.62036765e+00 -5.07248649e+00 -5.55568906e+00 -6.07129175e+00 -6.62063601e+00 -7.20508842e+00 -7.82604059e+00 -8.48490924e+00 -9.18313616e+00 -9.92218823e+00 -1.07035574e+01 -1.15287607e+01 -1.23993402e+01 -1.33168632e+01 -1.42829219e+01 -1.52991336e+01 -1.63671409e+01 -1.74886112e+01
0.00000000e+00 -6.99698198e-04 -3.30138142e-03 -8.88337810e-03 -1.89345580e-02 -3.52253410e-02 -5.95146590e-02 -9.30375170e-02 -1.35710987e-01 -1.84989658e-01 -2.34294744e-01 -2.84901500e-01 -3.33919527e-01 -3.94111796e-01 -4.44347884e-01 -4.66991036e-01 -5.35181059e-01 -6.36318555e-01 -7.50133691e-01 -8.77536999e-01 -1.01946529e+00 -1.17688165e+00 -1.35077544e+00 -1.54216231e+00 -1.75208419e+00 -1.98160926e+00 -2.23183202e+00 -2.50387321e+00 -2.79887987e+00 -3.11802531e+00 -3.46250913e+00 -3.83355718e+00 -4.23242162e+00 -4.66038088e+00 -5.11873964e+00 -5.60882890e+00 -6.13200592e+00 -6.68965422e+00 -7.28318363e+00 -7.91403023e+00 -8.58365640e+00 -9.29355079e+00 -1.00452283e+01 -1.08402302e+01 -1.16801239e+01 -1.25665032e+01 -1.35009882e+01 -1.44852250e+01 -1.55208865e+01 -1.66096713e+01 -1.77533047e+01
0.00000000e+00 -6.84168146e-04 -3.23703182e-03 -8.73124760e-03 -1.86453045e-02 -3.47310497e-02 -5.87148605e-02 -9.17764143e-02 -1.33742119e-01 -1.81923372e-01 -2.29522926e-01 -2.79738913e-01 -3.26610882e-01 -3.86778264e-01 -4.34057517e-01 -4.52567446e-01 -5.33005092e-01 -6.34190910e-01 -7.48144477e-01 -8.75792559e-01 -1.01808922e+00 -1.17601581e+00 -1.35058099e+00 -1.54282071e+00 -1.75379821e+00 -1.98460402e+00 -2.23635598e+00 -2.51019923e+00 -2.80730617e+00 -3.12887654e+00 -3.47613734e+00 -3.85034289e+00 -4.25277479e+00 -4.68474195e+00 -5.14758054e+00 -5.64265408e+00 -6.17135333e+00 -6.73509639e+00 -7.33532863e+00 -7.97352271e+00 -8.65117862e+00 -9.36982360e+00 -1.01310122e+01 -1.09363263e+01 -1.17873750e+01 -1.26857949e+01 -1.36332495e+01 -1.46314299e+01 -1.56820546e+01 -1.67868690e+01 -1.79476462e+01
0.00000000e+00 -6.68553759e-04 -3.17141690e-03 -8.57360653e-03 -1.83402961e-02 -3.42005774e-02 -5.78425221e-02 -9.03827988e-02 -1.31547134e-01 -1.78490929e-01 -2.24182389e-01 -2.73901307e-01 -3.20323612e-01 -3.78415310e-01 -4.22360942e-01 -4.40686358e-01 -5.29765818e-01 -6.30752659e-01 -7.44557930e-01 -8.72120832e-01 -1.01440871e+00 -1.17241707e+00 -1.34716956e+00 -1.53971796e+00 -1.75114223e+00 -1.98255046e+00 -2.23507888e+00 -2.50989189e+00 -2.80818203e+00 -3.13116998e+00 -3.48010459e+00 -3.85626283e+00 -4.26094984e+00 -4.69549890e+00 -5.16127145e+00 -5.65965706e+00 -6.19207347e+00 -6.75996654e+00 -7.36481031e+00 -8.00810696e+00 -8.69138680e+00 -9.41620830e+00 -1.01841581e+01 -1.09968510e+01 -1.18559298e+01 -1.27630657e+01 -1.37199578e+01 -1.47283336e+01 -1.57899485e+01 -1.69065862e+01 -1.80800585e+01
0.00000000e+00 -6.52996101e-04 -3.10523986e-03 -8.41242103e-03 -1.80238615e-02 -3.36422697e-02 -5.69124174e-02 -8.88813001e-02 -1.29165292e-01 -1.74752761e-01 -2.18363555e-01 -2.67495564e-01 -3.13733718e-01 -3.69182631e-01 -4.09471772e-01 -4.36976650e-01 -5.25637866e-01 -6.26214421e-01 -7.39625717e-01 -8.66820010e-01 -1.00877441e+00 -1.16649488e+00 -1.34101625e+00 -1.53340218e+00 -1.74474520e+00 -1.97616669e+00 -2.22881690e+00 -2.50387490e+00 -2.80254865e+00 -3.12607495e+00 -3.47571944e+00 -3.85277663e+00 -4.25856990e+00 -4.69445144e+00 -5.16180234e+00 -5.66203252e+00 -6.19658075e+00 -6.76691468e+00 -7.37453078e+00 -8.02095440e+00 -8.70773973e+00 -9.43646984e+00 -1.02087566e+01 -1.10262408e+01 -1.18905921e+01 -1.28035088e+01 -1.37667184e+01 -1.47819770e+01 -1.58510696e+01 -1.69758102e+01 -1.81580414e+01
0.00000000e+00 -6.37601846e-04 -3.03904793e-03 -8.24925664e-03 -1.76995124e-02 -3.30630019e-02 -5.59368743e-02 -8.72926924e-02 -1.26630012e-01 -1.70760702e-01 -2.12144495e-01 -2.60613928e-01 -3.06624130e-01 -3.59218450e-01 -3.95575695e-01 -4.32680531e-01 -5.20770481e-01 -6.20756680e-01 -7.33564020e-01 -8.60146817e-01 -1.00148882e+00 -1.15860318e+00 -1.33253252e+00 -1.52434884e+00 -1.73515361e+00 -1.96607768e+00 -2.21828137e+00 -2.49295440e+00 -2.79131592e+00 -3.11461452e+00 -3.46412820e+00 -3.84116439e+00 -4.24705996e+00 -4.68318118e+00 -5.15092378e+00 -5.65171288e+00 -6.18700306e+00 -6.75827829e+00 -7.36705201e+00 -8.01486705e+00 -8.70329568e+00 -9.43393960e+00 -1.02084299e+01 -1.10284272e+01 -1.18956214e+01 -1.28117320e+01 -1.37785077e+01 -1.47977268e+01 -1.58711970e+01 -1.70007555e+01 -1.81882686e+01
0.00000000e+00 -6.22450614e-04 -2.97326408e-03 -8.08535644e-03 -1.73700965e-02 -3.24684436e-02 -5.49261979e-02 -8.56345372e-02 -1.23969808e-01 -1.66559337e-01 -2.06455725e-01 -2.53336235e-01 -2.99082437e-01 -3.48642727e-01 -3.80834572e-01 -4.27902134e-01 -5.15291307e-01 -6.14534197e-01 -7.26558656e-01 -8.52322409e-01 -9.92813063e-01 -1.14904810e+00 -1.32207489e+00 -1.51297065e+00 -1.72284253e+00 -1.95282750e+00 -2.20409244e+00 -2.47783411e+00 -2.77527913e+00 -3.09768401e+00 -3.44633515e+00 -3.82254879e+00 -4.22767109e+00 -4.66307806e+00 -5.13017561e+00 -5.63039951e+00 -6.16521541e+00 -6.73611884e+00 -7.34463522e+00 -7.99231984e+00 -8.68075785e+00 -9.41156432e+00 -1.01863841e+01 -1.10068921e+01 -1.18747930e+01 -1.27918212e+01 -1.37597413e+01 -1.47803476e+01 -1.58554642e+01 -1.69869452e+01 -1.81766745e+01
0.00000000e+00 -6.07600765e-04 -2.90821243e-03 -7.92170365e-03 -1.70379203e-02 -3.18632720e-02 -5.38890145e-02 -8.39217099e-02 -1.21209071e-01 -1.62187111e-01 -2.01328573e-01 -2.45731746e-01 -2.91184457e-01 -3.37559820e-01 -3.65389832e-01 -4.22730308e-01 -5.09309562e-01 -6.07679739e-01 -7.18769414e-01 -8.43537383e-01 -9.82972664e-01 -1.13809450e+00 -1.30995234e+00 -1.49962589e+00 -1.70822503e+00 -1.93688990e+00 -2.18679085e+00 -2.45912844e+00 -2.75513347e+00 -3.07606695e+00 -3.42322012e+00 -3.79791443e+00 -4.20150156e+00 -4.63536342e+00 -5.10091211e+00 -5.59959000e+00 -6.13286963e+00 -6.70225381e+00 -7.30927553e+00 -7.95549803e+00 -8.64251477e+00 -9.37194940e+00 -1.01454558e+01 -1.09647182e+01 -1.18314508e+01 -1.27473982e+01 -1.37143353e+01 -1.47340669e+01 -1.58084283e+01 -1.69392851e+01 -1.81285328e+01
0.00000000e+00 -5.93093987e-04 -2.84413833e-03 -7.75907186e-03 -1.67048485e-02 -3.12513462e-02 -5.28325530e-02 -8.21668314e-02 -1.18368704e-01 -1.57677246e-01 -1.96028407e-01 -2.37860678e-01 -2.82995951e-01 -3.26060695e-01 -3.49365310e-01 -4.17240880e-01 -5.02918725e-01 -6.00307233e-01 -7.10333738e-01 -8.33956039e-01 -9.72162407e-01 -1.12597158e+00 -1.29643276e+00 -1.48462563e+00 -1.69166032e+00 -1.91867745e+00 -2.16684811e+00 -2.43737382e+00 -2.73148662e+00 -3.05044899e+00 -3.39555388e+00 -3.76812471e+00 -4.16951537e+00 -4.60111022e+00 -5.06432409e+00 -5.56060227e+00 -6.09142053e+00 -6.65828509e+00 -7.26273266e+00 -7.90633041e+00 -8.59067597e+00 -9.31739745e+00 -1.00881534e+01 -1.09046329e+01 -1.17685555e+01 -1.26816711e+01 -1.36457601e+01 -1.46626335e+01 -1.57341327e+01 -1.68621296e+01 -1.80485263e+01
0.00000000e+00 -5.78958922e-04 -2.78122453e-03 -7.59806542e-03 -1.63723849e-02 -3.06358483e-02 -5.17628757e-02 -8.03806239e-02 -1.15466649e-01 -1.53058504e-01 -1.90590745e-01 -2.29775481e-01 -2.74574051e-01 -3.14224790e-01 -3.37519997e-01 -4.11498566e-01 -4.96198806e-01 -5.92514450e-01 -7.01369858e-01 -8.23720020e-01 -9.60550555e-01 -1.11287771e+00 -1.28174835e+00 -1.46823999e+00 -1.67346076e+00 -1.89854941e+00 -2.14467534e+00 -2.41303855e+00 -2.70486969e+00 -3.02143003e+00 -3.36401148e+00 -3.73393656e+00 -4.13255843e+00 -4.56126087e+00 -5.02145829e+00 -5.51459574e+00 -6.04214889e+00 -6.60562403e+00 -7.20655809e+00 -7.84651863e+00 -8.52710382e+00 -9.24994247e+00 -1.00166940e+01 -1.08290486e+01 -1.16887268e+01 -1.25974800e+01 -1.35570901e+01 -1.45693698e+01 -1.56361622e+01 -1.67593411e+01 -1.79408111e+01
0.00000000e+00 -5.65214037e-04 -2.71960398e-03 -7.43915194e-03 -1.60417373e-02 -3.00193997e-02 -5.06850674e-02 -7.85722056e-02 -1.12518330e-01 -1.48355826e-01 -1.85046375e-01 -2.21521908e-01 -2.65968467e-01 -3.02121575e-01 -3.32517039e-01 -4.05558584e-01 -4.89218275e-01 -5.84385277e-01 -6.91979464e-01 -8.12951419e-01 -9.48282439e-01 -1.09898453e+00 -1.26610040e+00 -1.45070349e+00 -1.65389793e+00 -1.87681856e+00 -2.12063094e+00 -2.38653135e+00 -2.67574676e+00 -2.98953485e+00 -3.32918404e+00 -3.69601342e+00 -4.09137283e+00 -4.51664278e+00 -4.97323453e+00 -5.46259001e+00 -5.98618191e+00 -6.54551358e+00 -7.14211911e+00 -7.77756329e+00 -8.45344163e+00 -9.17138035e+00 -9.93303636e+00 -1.07400973e+01 -1.15942815e+01 -1.24973381e+01 -1.34510467e+01 -1.44572180e+01 -1.55176930e+01 -1.66343436e+01 -1.78090726e+01
0.00000000e+00 -5.51869886e-04 -2.65937007e-03 -7.28268852e-03 -1.57138709e-02 -2.94041557e-02 -4.96033924e-02 -7.67493352e-02 -1.09537021e-01 -1.43590864e-01 -1.79422014e-01 -2.14155981e-01 -2.57222497e-01 -2.89811881e-01 -3.27405299e-01 -3.99468022e-01 -4.82035699e-01 -5.75991667e-01 -6.82249988e-01 -8.01755444e-01 -9.35483546e-01 -1.08444052e+00 -1.24966333e+00 -1.43221965e+00 -1.63320787e+00 -1.85375713e+00 -2.09502727e+00 -2.35820887e+00 -2.64452322e+00 -2.95522234e+00 -3.29158896e+00 -3.65493657e+00 -4.04660933e+00 -4.46798218e+00 -4.92046073e+00 -5.40548136e+00 -5.92451114e+00 -6.47904788e+00 -7.07062011e+00 -7.70078708e+00 -8.37113877e+00 -9.08329588e+00 -9.83890982e+00 -1.06396628e+01 -1.14872675e+01 -1.23834678e+01 -1.33300378e+01 -1.43287826e+01 -1.53815380e+01 -1.64901704e+01 -1.76565771e+01
0.00000000e+00 -5.38930911e-04 -2.60058488e-03 -7.12894290e-03 -1.53895513e-02 -2.87918834e-02 -4.85214242e-02 -7.49186157e-02 -1.06534149e-01 -1.38782434e-01 -1.73740865e-01 -2.07941284e-01 -2.48373894e-01 -2.77349028e-01 -3.22216479e-01 -3.93267006e-01 -4.74701138e-01 -5.67395292e-01 -6.72256560e-01 -7.90222707e-01 -9.22262175e-01 -1.06937408e+00 -1.23258821e+00 -1.41296503e+00 -1.61159569e+00 -1.82960199e+00 -2.06813643e+00 -2.32838217e+00 -2.61155305e+00 -2.91889358e+00 -3.25167895e+00 -3.61121503e+00 -3.99883835e+00 -4.41591612e+00 -4.86384624e+00 -5.34405726e+00 -5.85800841e+00 -6.40718962e+00 -6.99312147e+00 -7.61735522e+00 -8.28147280e+00 -8.98708682e+00 -9.73584057e+00 -1.05294080e+01 -1.13694938e+01 -1.22578332e+01 -1.31961922e+01 -1.41863675e+01 -1.52301864e+01 -1.63295069e+01 -1.74862177e+01
0.00000000e+00 -5.26396854e-04 -2.54328570e-03 -6.97811059e-03 -1.50693801e-02 -2.81840264e-02 -4.74421530e-02 -7.30856657e-02 -1.03519558e-01 -1.33946899e-01 -1.68023093e-01 -2.01684752e-01 -2.39455591e-01 -2.64779785e-01 -3.16977459e-01 -3.86989685e-01 -4.67257339e-01 -5.58648967e-01 -6.62063686e-01 -7.78431186e-01 -9.08711725e-01 -1.05389613e+00 -1.21500582e+00 -1.39309275e+00 -1.58923947e+00 -1.80455909e+00 -2.04019532e+00 -2.29732239e+00 -2.57714515e+00 -2.88089899e+00 -3.20984988e+00 -3.56529438e+00 -3.94855959e+00 -4.36100319e+00 -4.80401346e+00 -5.27900921e+00 -5.78743984e+00 -6.33078533e+00 -6.91055622e+00 -7.52829362e+00 -8.18556921e+00 -8.88398525e+00 -9.62517458e+00 -1.04108006e+01 -1.12425572e+01 -1.21221691e+01 -1.30513912e+01 -1.40320093e+01 -1.50658396e+01 -1.61547291e+01 -1.73005549e+01
0.00000000e+00 -5.14263887e-04 -2.48749032e-03 -6.83032880e-03 -1.47538238e-02 -2.75817574e-02 -4.63680754e-02 -7.12552620e-02 -1.00501729e-01 -1.29098493e-01 -1.62286227e-01 -1.95406040e-01 -2.30496331e-01 -2.53137194e-01 -3.11710992e-01 -3.80665077e-01 -4.59740750e-01 -5.49797863e-01 -6.51726689e-01 -7.66447921e-01 -8.94912669e-01 -1.03810246e+00 -1.19702925e+00 -1.37273541e+00 -1.56629372e+00 -1.77880739e+00 -2.01141004e+00 -2.26526572e+00 -2.54156890e+00 -2.84154446e+00 -3.16644770e+00 -3.51756434e+00 -3.89621053e+00 -4.30373282e+00 -4.74150820e+00 -5.21094406e+00 -5.71347822e+00 -6.25057892e+00 -6.82374482e+00 -7.43450498e+00 -8.08441890e+00 -8.77507651e+00 -9.50809812e+00 -1.02851345e+01 -1.11078668e+01 -1.19780066e+01 -1.28972960e+01 -1.38675073e+01 -1.48904434e+01 -1.59679377e+01 -1.71018536e+01
0.00000000e+00 -5.02525491e-04 -2.43320124e-03 -6.68568768e-03 -1.44432379e-02 -2.69860228e-02 -4.53012703e-02 -6.94314615e-02 -9.74879615e-02 -1.24944669e-01 -1.56545505e-01 -1.89122192e-01 -2.21521204e-01 -2.47717658e-01 -3.06436290e-01 -3.74317794e-01 -4.52182398e-01 -5.40880556e-01 -6.41292948e-01 -7.54330474e-01 -8.80934261e-01 -1.02207566e+00 -1.17875624e+00 -1.35200781e+00 -1.54289239e+00 -1.75250222e+00 -1.98195977e+00 -2.23241775e+00 -2.50505906e+00 -2.80109685e+00 -3.12177450e+00 -3.46836558e+00 -3.84217392e+00 -4.24453355e+00 -4.67680875e+00 -5.14039399e+00 -5.63671399e+00 -6.16722368e+00 -6.73340823e+00 -7.33678302e+00 -7.97889365e+00 -8.66131597e+00 -9.38565602e+00 -1.01535501e+01 -1.09666647e+01 -1.18266965e+01 -1.27353726e+01 -1.36944500e+01 -1.47057162e+01 -1.57709888e+01 -1.68921157e+01
0.00000000e+00 -4.91173163e-04 -2.38040906e-03 -6.54423950e-03 -1.41378860e-02 -2.63975794e-02 -4.42434613e-02 -6.76177026e-02 -9.44845383e-02 -1.21184270e-01 -1.50814169e-01 -1.82847973e-01 -2.12552106e-01 -2.43400818e-01 -3.01169533e-01 -3.67968652e-01 -4.44608632e-01 -5.31929923e-01 -6.30802964e-01 -7.42128185e-01 -8.66836009e-01 -1.00588685e+00 -1.16027111e+00 -1.33100918e+00 -1.51915145e+00 -1.72577830e+00 -1.95200010e+00 -2.19895720e+00 -2.46781997e+00 -2.75978873e+00 -3.07609382e+00 -3.41799556e+00 -3.78678428e+00 -4.18378027e+00 -4.61033384e+00 -5.06782527e+00 -5.55766484e+00 -6.08129283e+00 -6.64017949e+00 -7.23582508e+00 -7.86975984e+00 -8.54354400e+00 -9.25876780e+00 -1.00170514e+01 -1.08200451e+01 -1.16694291e+01 -1.25669135e+01 -1.35142386e+01 -1.45131744e+01 -1.55655212e+01 -1.66731091e+01
0.00000000e+00 -4.80196964e-04 -2.32909516e-03 -6.40600616e-03 -1.38379564e-02 -2.58170244e-02 -4.31960701e-02 -6.58168926e-02 -9.14968570e-02 -1.17441808e-01 -1.45103721e-01 -1.76596170e-01 -2.03608138e-01 -2.39108821e-01 -2.95924292e-01 -3.61635208e-01 -4.37041774e-01 -5.22973916e-01 -6.20291288e-01 -7.29883266e-01 -8.52668953e-01 -9.89597174e-01 -1.14164648e+00 -1.30982515e+00 -1.49517118e+00 -1.69875230e+00 -1.92166596e+00 -2.16503933e+00 -2.43002931e+00 -2.71782253e+00 -3.02963533e+00 -3.36671380e+00 -3.73033372e+00 -4.12180062e+00 -4.54244976e+00 -4.99364609e+00 -5.47678433e+00 -5.99328888e+00 -6.54461391e+00 -7.13224327e+00 -7.75769057e+00 -8.42249912e+00 -9.12824198e+00 -9.87652192e+00 -1.06689714e+01 -1.15072527e+01 -1.23930577e+01 -1.33281081e+01 -1.43141554e+01 -1.53529805e+01 -1.64463944e+01
0.00000000e+00 -4.69585954e-04 -2.27923396e-03 -6.27098524e-03 -1.35435751e-02 -2.52448218e-02 -4.21602615e-02 -6.40314817e-02 -8.85295480e-02 -1.13723351e-01 -1.39424139e-01 -1.70377839e-01 -1.94705952e-01 -2.34850199e-01 -2.90711903e-01 -3.55332210e-01 -4.29500662e-01 -5.14036229e-01 -6.09787312e-01 -7.17631740e-01 -8.38476773e-01 -9.73259097e-01 -1.12294483e+00 -1.28852951e+00 -1.47103813e+00 -1.67152507e+00 -1.89107418e+00 -2.13079872e+00 -2.39184137e+00 -2.67537427e+00 -2.98259894e+00 -3.31474638e+00 -3.67307700e+00 -4.05888062e+00 -4.47347651e+00 -4.91821337e+00 -5.39446931e+00 -5.90365190e+00 -6.44719812e+00 -7.02657436e+00 -7.64327648e+00 -8.29882975e+00 -8.99478885e+00 -9.73273791e+00 -1.05142905e+01 -1.13410896e+01 -1.22148076e+01 -1.31371464e+01 -1.41098372e+01 -1.51346407e+01 -1.62133472e+01
0.00000000e+00 -4.59328536e-04 -2.23079457e-03 -6.13915502e-03 -1.32548172e-02 -2.46813233e-02 -4.11369810e-02 -6.22635255e-02 -8.55865743e-02 -1.10034097e-01 -1.34670836e-01 -1.64202529e-01 -1.85860050e-01 -2.30631979e-01 -2.85541784e-01 -3.49071988e-01 -4.22001133e-01 -5.05136870e-01 -5.99315956e-01 -7.05404259e-01 -8.24296750e-01 -9.56917513e-01 -1.10421974e+00 -1.26718572e+00 -1.44682686e+00 -1.64418368e+00 -1.86032579e+00 -2.09635192e+00 -2.35338992e+00 -2.63259672e+00 -2.93515837e+00 -3.26229003e+00 -3.61523598e+00 -3.99526958e+00 -4.40369332e+00 -4.84183878e+00 -5.31106667e+00 -5.81276680e+00 -6.34835807e+00 -6.91928851e+00 -7.52703524e+00 -8.17310450e+00 -8.85903165e+00 -9.58638112e+00 -1.03567465e+01 -1.11717504e+01 -1.20330447e+01 -1.29423101e+01 -1.39012568e+01 -1.49116238e+01 -1.59751793e+01
0.00000000e+00 -4.49412719e-04 -2.18374228e-03 -6.01047851e-03 -1.29717159e-02 -2.41267863e-02 -4.01269872e-02 -6.05147397e-02 -8.26713177e-02 -1.06378484e-01 -1.30464851e-01 -1.58078466e-01 -1.80240898e-01 -2.26459902e-01 -2.80421700e-01 -3.42864789e-01 -4.14556435e-01 -4.96292664e-01 -5.88898270e-01 -6.93226808e-01 -8.10160599e-01 -9.40610727e-01 -1.08551704e+00 -1.24584816e+00 -1.42260145e+00 -1.61680306e+00 -1.82950789e+00 -2.06179961e+00 -2.31479067e+00 -2.58962225e+00 -2.88746431e+00 -3.20951559e+00 -3.55700358e+00 -3.93118453e+00 -4.33334346e+00 -4.76479415e+00 -5.22687915e+00 -5.72096977e+00 -6.24846609e+00 -6.81079695e+00 -7.40941995e+00 -8.04582146e+00 -8.72151661e+00 -9.43804931e+00 -1.01969922e+01 -1.09999467e+01 -1.18485431e+01 -1.27444402e+01 -1.36893258e+01 -1.46849164e+01 -1.57329571e+01
0.00000000e+00 -4.39826328e-04 -2.13803961e-03 -5.88490679e-03 -1.26942704e-02 -2.35813893e-02 -3.91308794e-02 -5.87865460e-02 -7.97866538e-02 -1.02760290e-01 -1.26302057e-01 -1.52012723e-01 -1.76933549e-01 -2.22338612e-01 -2.75357999e-01 -3.36719067e-01 -4.07177574e-01 -4.87517679e-01 -5.78551943e-01 -6.81121326e-01 -7.96095194e-01 -9.24371309e-01 -1.06687584e+00 -1.22456335e+00 -1.39841680e+00 -1.58944758e+00 -1.79869545e+00 -2.02722857e+00 -2.27614353e+00 -2.54656530e+00 -2.83964726e+00 -3.15657118e+00 -3.49854724e+00 -3.86681402e+00 -4.26263850e+00 -4.68731607e+00 -5.14217050e+00 -5.62855399e+00 -6.14784712e+00 -6.70145887e+00 -7.29082664e+00 -7.91741622e+00 -8.58272180e+00 -9.28826596e+00 -1.00355997e+01 -1.08263024e+01 -1.16619819e+01 -1.25442744e+01 -1.34748445e+01 -1.44553851e+01 -1.54876177e+01
0.00000000e+00 -4.30557164e-04 -2.09364727e-03 -5.76238175e-03 -1.24224515e-02 -2.30452447e-02 -3.81491208e-02 -5.70801124e-02 -7.69350162e-02 -9.91827139e-02 -1.22186142e-01 -1.46011359e-01 -1.73673652e-01 -2.18271806e-01 -2.70355816e-01 -3.30641733e-01 -3.99873629e-01 -4.78823597e-01 -5.68291753e-01 -6.69106234e-01 -7.82123198e-01 -9.08226826e-01 -1.04832932e+00 -1.20337090e+00 -1.37431982e+00 -1.56217235e+00 -1.76795276e+00 -1.99271338e+00 -2.23753454e+00 -2.50352458e+00 -2.79181989e+00 -3.10358487e+00 -3.44001193e+00 -3.80232151e+00 -4.19176208e+00 -4.60961012e+00 -5.05717014e+00 -5.53577466e+00 -6.04678425e+00 -6.59158745e+00 -7.17160088e+00 -7.78826915e+00 -8.44306489e+00 -9.13748875e+00 -9.87306943e+00 -1.06513636e+01 -1.14739560e+01 -1.23424595e+01 -1.32585146e+01 -1.42237903e+01 -1.52399833e+01
0.00000000e+00 -4.21593126e-04 -2.05052481e-03 -5.64283827e-03 -1.21562081e-02 -2.25184093e-02 -3.71820582e-02 -5.53963870e-02 -7.41184529e-02 -9.56484518e-02 -1.18120201e-01 -1.40079547e-01 -1.70463164e-01 -2.14262378e-01 -2.65419240e-01 -3.24638369e-01 -3.92652011e-01 -4.70220040e-01 -5.58129959e-01 -6.57196897e-01 -7.68263614e-01 -8.92200494e-01 -1.02990555e+00 -1.18230443e+00 -1.35035040e+00 -1.53502435e+00 -1.73733481e+00 -1.95831794e+00 -2.19903752e+00 -2.46058495e+00 -2.74407927e+00 -3.05066715e+00 -3.38152288e+00 -3.73784837e+00 -4.12087319e+00 -4.53185450e+00 -4.97207711e+00 -5.44285344e+00 -5.94552357e+00 -6.48145518e+00 -7.05204358e+00 -7.65871172e+00 -8.30291016e+00 -8.98611712e+00 -9.70983840e+00 -1.04756075e+01 -1.12849854e+01 -1.21395610e+01 -1.30409504e+01 -1.39907978e+01 -1.49907746e+01
0.00000000e+00 -4.12922301e-04 -2.00863125e-03 -5.52620604e-03 -1.18954703e-02 -2.20008937e-02 -3.62299394e-02 -5.37361283e-02 -7.17082696e-02 -9.21597597e-02 -1.14106810e-01 -1.34221680e-01 -1.67303520e-01 -2.10312533e-01 -2.60551465e-01 -3.18713412e-01 -3.85518692e-01 -4.61714844e-01 -5.48076630e-01 -6.45406034e-01 -7.54532261e-01 -8.76311739e-01 -1.01162812e+00 -1.16139227e+00 -1.32654228e+00 -1.50804347e+00 -1.70688838e+00 -1.92409677e+00 -2.16071561e+00 -2.41781911e+00 -2.69650869e+00 -2.99791300e+00 -3.32318792e+00 -3.67351651e+00 -4.05010911e+00 -4.45420325e+00 -4.88706368e+00 -5.34998237e+00 -5.84427853e+00 -6.37129859e+00 -6.93241617e+00 -7.52903216e+00 -8.16257463e+00 -8.83449890e+00 -9.54628750e+00 -1.02994502e+01 -1.10955239e+01 -1.19360729e+01 -1.28226886e+01 -1.37569895e+01 -1.47406217e+01
0.00000000e+00 -4.04533040e-04 -1.96792546e-03 -5.41241109e-03 -1.16401540e-02 -2.14926699e-02 -3.52929279e-02 -5.20999305e-02 -6.95212771e-02 -8.87185095e-02 -1.10148092e-01 -1.28843484e-01 -1.64195716e-01 -2.06423888e-01 -2.55754919e-01 -3.12870319e-01 -3.78478407e-01 -4.53314306e-01 -5.38139945e-01 -6.33744060e-01 -7.40942190e-01 -8.60576683e-01 -9.93516690e-01 -1.14065817e+00 -1.30292388e+00 -1.48126340e+00 -1.67665310e+00 -1.89009615e+00 -2.12262256e+00 -2.37528910e+00 -2.64917938e+00 -2.94540379e+00 -3.26509956e+00 -3.60943069e+00 -3.97958800e+00 -4.37678913e+00 -4.80227849e+00 -5.25732734e+00 -5.74323371e+00 -6.26132245e+00 -6.81294522e+00 -7.39948047e+00 -8.02233349e+00 -8.68293632e+00 -9.38274787e+00 -1.01232538e+01 -1.09059666e+01 -1.17324256e+01 -1.26041968e+01 -1.35228733e+01 -1.44900746e+01
0.00000000e+00 -3.96414004e-04 -1.92836658e-03 -5.30137692e-03 -1.13901636e-02 -2.09936780e-02 -3.43711152e-02 -5.04882459e-02 -6.73666395e-02 -8.53262374e-02 -1.06245779e-01 -1.26016301e-01 -1.61140374e-01 -2.02597560e-01 -2.51031371e-01 -3.07111701e-01 -3.71534823e-01 -4.45023393e-01 -5.28326446e-01 -6.22219398e-01 -7.27504049e-01 -8.45008577e-01 -9.75587542e-01 -1.12012188e+00 -1.27951893e+00 -1.45471237e+00 -1.64666231e+00 -1.85635519e+00 -2.08480388e+00 -2.33304759e+00 -2.60215193e+00 -2.89320889e+00 -3.20733685e+00 -3.54568056e+00 -3.90941113e+00 -4.29972610e+00 -4.71784935e+00 -5.16503116e+00 -5.64254819e+00 -6.15170347e+00 -6.69382641e+00 -7.27027283e+00 -7.88242490e+00 -8.53169118e+00 -9.21950661e+00 -9.94733252e+00 -1.07166566e+01 -1.15289930e+01 -1.23858821e+01 -1.32888907e+01 -1.42396122e+01
0.00000000e+00 -3.88554197e-04 -1.88991423e-03 -5.19302553e-03 -1.11453946e-02 -2.05038316e-02 -3.34645319e-02 -4.89014045e-02 -6.52448769e-02 -8.22591751e-02 -1.02401258e-01 -1.23660402e-01 -1.58137797e-01 -1.98834237e-01 -2.46382033e-01 -3.01439447e-01 -3.64690691e-01 -4.36845923e-01 -5.18641254e-01 -6.10838742e-01 -7.14226396e-01 -8.29618173e-01 -9.57853980e-01 -1.09979967e+00 -1.25634706e+00 -1.42841389e+00 -1.61694387e+00 -1.82290666e+00 -2.04729785e+00 -2.29113900e+00 -2.55547762e+00 -2.84138714e+00 -3.14996698e+00 -3.48234248e+00 -3.83966493e+00 -4.22311160e+00 -4.63388567e+00 -5.07321630e+00 -5.54235857e+00 -6.04259354e+00 -6.57522820e+00 -7.14159550e+00 -7.74305432e+00 -8.38098951e+00 -9.05681186e+00 -9.77195812e+00 -1.05278910e+01 -1.13260991e+01 -1.21680970e+01 -1.30554253e+01 -1.39896504e+01
0.00000000e+00 -3.80942996e-04 -1.85252875e-03 -5.08727821e-03 -1.09057358e-02 -2.00230225e-02 -3.25731565e-02 -4.73396303e-02 -6.31563594e-02 -7.97224161e-02 -9.86156175e-02 -1.21347840e-01 -1.55188024e-01 -1.95134247e-01 -2.41807635e-01 -2.95854826e-01 -3.57947968e-01 -4.28784725e-01 -5.09088270e-01 -5.99607289e-01 -7.01115980e-01 -8.14414053e-01 -9.40326730e-01 -1.07970474e+00 -1.23342434e+00 -1.40238729e+00 -1.58752084e+00 -1.78977779e+00 -2.01013643e+00 -2.24960056e+00 -2.50919951e+00 -2.78998810e+00 -3.09304669e+00 -3.41948111e+00 -3.77042274e+00 -4.14702845e+00 -4.55048065e+00 -4.98198722e+00 -5.44278159e+00 -5.93412269e+00 -6.45729494e+00 -7.01360830e+00 -7.60439824e+00 -8.23102573e+00 -8.89487726e+00 -9.59736482e+00 -1.03399259e+01 -1.11240236e+01 -1.19511464e+01 -1.28228083e+01 -1.37405490e+01
0.00000000e+00 -3.73570160e-04 -1.81617136e-03 -4.98405614e-03 -1.06710709e-02 -1.95511249e-02 -3.16969240e-02 -4.58030562e-02 -6.11013282e-02 -7.72264402e-02 -9.48896865e-02 -1.19078299e-01 -1.52290868e-01 -1.91497613e-01 -2.37308502e-01 -2.90358574e-01 -3.51307939e-01 -4.20841777e-01 -4.99670337e-01 -5.88528940e-01 -6.88177977e-01 -7.99402909e-01 -9.23014268e-01 -1.05984766e+00 -1.21076374e+00 -1.37664827e+00 -1.55841206e+00 -1.75699099e+00 -1.97334601e+00 -2.20846315e+00 -2.46335350e+00 -2.73905322e+00 -3.03662356e+00 -3.35715081e+00 -3.70174636e+00 -4.07154664e+00 -4.46771318e+00 -4.89143257e+00 -5.34391645e+00 -5.82640156e+00 -6.34014969e+00 -6.88644772e+00 -7.46660758e+00 -8.08196628e+00 -8.73388589e+00 -9.42375358e+00 -1.01529816e+01 -1.09230071e+01 -1.17352926e+01 -1.25913255e+01 -1.34926182e+01
0.00000000e+00 -3.66425839e-04 -1.78080425e-03 -4.88328095e-03 -1.04412801e-02 -1.90879989e-02 -3.08357325e-02 -4.42917368e-02 -5.90799132e-02 -7.47713952e-02 -9.12240672e-02 -1.16851327e-01 -1.49445953e-01 -1.87924096e-01 -2.32884611e-01 -2.84950980e-01 -3.44771307e-01 -4.13018324e-01 -4.90389387e-01 -5.77606478e-01 -6.75416205e-01 -7.84589800e-01 -9.05923121e-01 -1.04023665e+00 -1.18837550e+00 -1.35120940e+00 -1.52963271e+00 -1.72456441e+00 -1.93694813e+00 -2.16775208e+00 -2.41796913e+00 -2.68861677e+00 -2.98073712e+00 -3.29539689e+00 -3.63368747e+00 -3.99672483e+00 -4.38564958e+00 -4.80162698e+00 -5.24584687e+00 -5.71952375e+00 -6.22389674e+00 -6.76022956e+00 -7.32981059e+00 -7.93395283e+00 -8.57399387e+00 -9.25129596e+00 -9.96724598e+00 -1.07232554e+01 -1.15207604e+01 -1.23612216e+01 -1.32461245e+01
0.00000000e+00 -3.59500578e-04 -1.74639070e-03 -4.78487508e-03 -1.02162414e-02 -1.86334929e-02 -2.99894493e-02 -4.28056595e-02 -5.70921483e-02 -7.23573103e-02 -8.79942633e-02 -1.14666366e-01 -1.46652746e-01 -1.84413242e-01 -2.28535649e-01 -2.79631943e-01 -3.38338278e-01 -4.05314984e-01 -4.81246569e-01 -5.66841722e-01 -6.62833306e-01 -7.69978365e-01 -8.89058120e-01 -1.02087797e+00 -1.16626749e+00 -1.32608044e+00 -1.50119474e+00 -1.69251252e+00 -1.90096006e+00 -2.12748782e+00 -2.37307045e+00 -2.63870677e+00 -2.92541979e+00 -3.23425668e+00 -3.56628880e+00 -3.92261169e+00 -4.30434505e+00 -4.71263278e+00 -5.14864295e+00 -5.61356780e+00 -6.10862375e+00 -6.63505142e+00 -7.19411558e+00 -7.78710519e+00 -8.41533339e+00 -9.08013748e+00 -9.78287897e+00 -1.05249435e+01 -1.13077410e+01 -1.21327054e+01 -1.30012949e+01
0.00000000e+00 -3.52785309e-04 -1.71289508e-03 -4.68876215e-03 -9.99583133e-03 -1.81874467e-02 -2.91579157e-02 -4.13447541e-02 -5.51379855e-02 -6.99841130e-02 -8.62478786e-02 -1.12522766e-01 -1.43910585e-01 -1.80964413e-01 -2.24261054e-01 -2.74401042e-01 -3.32008639e-01 -3.97731838e-01 -4.72242361e-01 -5.56235657e-01 -6.50430905e-01 -7.55571016e-01 -8.72422625e-01 -1.00177610e+00 -1.14444554e+00 -1.30126876e+00 -1.47310733e+00 -1.66084652e+00 -1.86539535e+00 -2.08768656e+00 -2.32867661e+00 -2.58934572e+00 -2.87069780e+00 -3.17376052e+00 -3.49958527e+00 -3.84924715e+00 -4.22384502e+00 -4.62450145e+00 -5.05236275e+00 -5.50859894e+00 -5.99440379e+00 -6.51099479e+00 -7.05961316e+00 -7.64152385e+00 -8.25801554e+00 -8.91040063e+00 -9.60001527e+00 -1.03282193e+01 -1.10963964e+01 -1.19059537e+01 -1.27583225e+01
0.00000000e+00 -3.46271351e-04 -1.68028296e-03 -4.59486717e-03 -9.77992620e-03 -1.77496931e-02 -2.83409519e-02 -3.99139040e-02 -5.32173064e-02 -6.76516440e-02 -8.46375275e-02 -1.10419804e-01 -1.41218700e-01 -1.77576822e-01 -2.20060058e-01 -2.69257574e-01 -3.25781816e-01 -3.90268511e-01 -4.63376662e-01 -5.45788555e-01 -6.38209754e-01 -7.41369102e-01 -8.56018724e-01 -9.82934021e-01 -1.12291368e+00 -1.27677965e+00 -1.44537719e+00 -1.62957480e+00 -1.83026430e+00 -2.04836076e+00 -2.28480255e+00 -2.54055129e+00 -2.81659191e+00 -3.11393261e+00 -3.43360486e+00 -3.77666343e+00 -4.14418634e+00 -4.53727491e+00 -4.95705375e+00 -5.40467071e+00 -5.88129697e+00 -6.38812695e+00 -6.92637837e+00 -7.49729222e+00 -8.10213277e+00 -8.74218757e+00 -9.41876746e+00 -1.01332065e+01 -1.08868622e+01 -1.16811152e+01 -1.25173693e+01
0.00000000e+00 -3.39950396e-04 -1.64852106e-03 -4.50311672e-03 -9.56840245e-03 -1.73200600e-02 -2.75383606e-02 -3.86985073e-02 -5.13299328e-02 -6.53596702e-02 -8.30587400e-02 -1.08356702e-01 -1.38576233e-01 -1.74249556e-01 -2.15931721e-01 -2.64200610e-01 -3.19656934e-01 -3.82924234e-01 -4.54648881e-01 -5.35500077e-01 -6.26169850e-01 -7.27373062e-01 -8.39847404e-01 -9.64353394e-01 -1.10167438e+00 -1.25261655e+00 -1.41800891e+00 -1.59870329e+00 -1.79557437e+00 -2.00951965e+00 -2.24145945e+00 -2.49233694e+00 -2.76311809e+00 -3.05479174e+00 -3.36836953e+00 -3.70488593e+00 -4.06539826e+00 -4.45098666e+00 -4.86275408e+00 -5.30182633e+00 -5.76935204e+00 -6.26650266e+00 -6.79447248e+00 -7.35447861e+00 -7.94776101e+00 -8.57558245e+00 -9.23922853e+00 -9.94000770e+00 -1.06792512e+01 -1.14583132e+01 -1.22785705e+01
0.00000000e+00 -3.33814501e-04 -1.61757728e-03 -4.41343915e-03 -9.36113732e-03 -1.68983715e-02 -2.67499302e-02 -3.75626826e-02 -4.94756355e-02 -6.31078959e-02 -8.15108006e-02 -1.06332633e-01 -1.35982257e-01 -1.70981597e-01 -2.11874958e-01 -2.59229023e-01 -3.13632859e-01 -3.75697912e-01 -4.46058009e-01 -5.25369358e-01 -6.14310547e-01 -7.13582545e-01 -8.23908703e-01 -9.46034750e-01 -1.08072880e+00 -1.22878134e+00 -1.39100524e+00 -1.56823576e+00 -1.76133054e+00 -1.97116957e+00 -2.19865527e+00 -2.44471241e+00 -2.71028814e+00 -2.99635200e+00 -3.30389591e+00 -3.63393416e+00 -3.98750344e+00 -4.36566280e+00 -4.76949369e+00 -5.20009993e+00 -5.65860771e+00 -6.14616562e+00 -6.66394463e+00 -7.21313808e+00 -7.79496169e+00 -8.41065356e+00 -9.06147419e+00 -9.74870644e+00 -1.04736556e+01 -1.12376492e+01 -1.20420373e+01
0.00000000e+00 -3.27856079e-04 -1.58742070e-03 -4.32576460e-03 -9.15800934e-03 -1.64844498e-02 -2.59754379e-02 -3.64469074e-02 -4.77412922e-02 -6.08959728e-02 -7.99929738e-02 -1.04346737e-01 -1.33435789e-01 -1.67771849e-01 -2.07888567e-01 -2.54341527e-01 -3.07708245e-01 -3.68588168e-01 -4.37602678e-01 -5.15395089e-01 -6.02630645e-01 -6.99996527e-01 -8.08201844e-01 -9.27977640e-01 -1.06007689e+00 -1.20527451e+00 -1.36436733e+00 -1.53817413e+00 -1.72753562e+00 -1.93331443e+00 -2.15639513e+00 -2.39768423e+00 -2.65811017e+00 -2.93862332e+00 -3.24019597e+00 -3.56382236e+00 -3.91051865e+00 -4.28132295e+00 -4.67729529e+00 -5.09951763e+00 -5.54909387e+00 -6.02714983e+00 -6.53483328e+00 -7.07331391e+00 -7.64378336e+00 -8.24745517e+00 -8.88556484e+00 -9.55936980e+00 -1.02701494e+01 -1.10192049e+01 -1.18078596e+01
0.00000000e+00 -3.22067881e-04 -1.55802154e-03 -4.24002516e-03 -8.95889864e-03 -1.60781156e-02 -2.52146520e-02 -3.53508814e-02 -4.63187654e-02 -5.88809320e-02 -7.85045107e-02 -1.02398127e-01 -1.30935802e-01 -1.64619146e-01 -2.03971253e-01 -2.49536705e-01 -3.01881568e-01 -3.61593395e-01 -4.29281225e-01 -5.05575581e-01 -5.91128476e-01 -6.86613403e-01 -7.92725347e-01 -9.10180774e-01 -1.03971764e+00 -1.18209538e+00 -1.33809493e+00 -1.50851869e+00 -1.69419056e+00 -1.89595593e+00 -2.11468166e+00 -2.35125611e+00 -2.60658912e+00 -2.88161202e+00 -3.17727762e+00 -3.49456021e+00 -3.83445559e+00 -4.19798102e+00 -4.58617527e+00 -5.00009856e+00 -5.44083263e+00 -5.90948070e+00 -6.40716746e+00 -6.93503910e+00 -7.49426329e+00 -8.08602918e+00 -8.71154743e+00 -9.37205016e+00 -1.00687910e+01 -1.08030450e+01 -1.15761088e+01
0.00000000e+00 -3.16442987e-04 -1.52935118e-03 -4.15615483e-03 -8.76368728e-03 -1.56791895e-02 -2.44673342e-02 -3.42742924e-02 -4.49285486e-02 -5.76869483e-02 -7.70446541e-02 -1.00485897e-01 -1.28481236e-01 -1.61522270e-01 -2.00121641e-01 -2.44813028e-01 -2.96151157e-01 -3.54711789e-01 -4.21091731e-01 -4.95908829e-01 -5.79801970e-01 -6.73431082e-01 -7.77477134e-01 -8.92642139e-01 -1.01964915e+00 -1.15924225e+00 -1.31218658e+00 -1.47926832e+00 -1.66129468e+00 -1.85909392e+00 -2.07351534e+00 -2.30542927e+00 -2.55572710e+00 -2.82532125e+00 -3.11514519e+00 -3.42615341e+00 -3.75932146e+00 -4.11564592e+00 -4.49614444e+00 -4.90185566e+00 -5.33383931e+00 -5.79317613e+00 -6.28096792e+00 -6.79833751e+00 -7.34642877e+00 -7.92640662e+00 -8.53945701e+00 -9.18678694e+00 -9.86962445e+00 -1.05892186e+01 -1.13468396e+01
0.00000000e+00 -3.10974793e-04 -1.50138207e-03 -4.07408957e-03 -8.57225946e-03 -1.52874925e-02 -2.37332411e-02 -3.32168182e-02 -4.35631174e-02 -5.66204505e-02 -7.56126430e-02 -9.86091315e-02 -1.26071009e-01 -1.58479967e-01 -1.96338296e-01 -2.40168885e-01 -2.90515219e-01 -3.47941387e-01 -4.13032071e-01 -4.86392556e-01 -5.68648722e-01 -6.60447049e-01 -7.62454617e-01 -8.75359103e-01 -9.99868783e-01 -1.13671253e+00 -1.28663982e+00 -1.45042072e+00 -1.62884591e+00 -1.82272664e+00 -2.03289480e+00 -2.26020284e+00 -2.50552383e+00 -2.76975143e+00 -3.05379991e+00 -3.35860412e+00 -3.68511953e+00 -4.03432218e+00 -4.40720875e+00 -4.80479647e+00 -5.22812321e+00 -5.67824742e+00 -6.15624814e+00 -6.66322503e+00 -7.20029833e+00 -7.76860889e+00 -8.36931816e+00 -9.00360817e+00 -9.67268157e+00 -1.03777616e+01 -1.11200921e+01
0.00000000e+00 -3.05656993e-04 -1.47408777e-03 -3.99376733e-03 -8.38450169e-03 -1.49028464e-02 -2.30121260e-02 -3.21781302e-02 -4.22220490e-02 -5.55747248e-02 -7.42077164e-02 -9.67669058e-02 -1.23704022e-01 -1.55490951e-01 -1.92619739e-01 -2.35602591e-01 -2.84971868e-01 -3.41280093e-01 -4.05099945e-01 -4.77024263e-01 -5.57666044e-01 -6.47658442e-01 -7.47654774e-01 -8.58328511e-01 -9.80373284e-01 -1.11450288e+00 -1.26145126e+00 -1.42197251e+00 -1.59684092e+00 -1.78685090e+00 -1.99281703e+00 -2.21557405e+00 -2.45597687e+00 -2.71490055e+00 -2.99324030e+00 -3.29191149e+00 -3.61184967e+00 -3.95401052e+00 -4.31936989e+00 -4.70892380e+00 -5.12368841e+00 -5.56470005e+00 -6.03301521e+00 -6.52971053e+00 -7.05588281e+00 -7.61264901e+00 -8.20114626e+00 -8.82253183e+00 -9.47798316e+00 -1.01686978e+01 -1.08958936e+01
0.00000000e+00 -3.00483573e-04 -1.44744287e-03 -3.91512799e-03 -8.20030294e-03 -1.45250751e-02 -2.23037402e-02 -3.11578945e-02 -4.09049134e-02 -5.45491648e-02 -7.28291164e-02 -9.49582947e-02 -1.21379165e-01 -1.52553916e-01 -1.88964455e-01 -2.31112412e-01 -2.79519138e-01 -3.34725707e-01 -3.97292912e-01 -4.67801268e-01 -5.46851012e-01 -6.35062102e-01 -7.33074217e-01 -8.41546759e-01 -9.61158848e-01 -1.09260933e+00 -1.23661677e+00 -1.39391945e+00 -1.56527538e+00 -1.75146229e+00 -1.95327762e+00 -2.17153856e+00 -2.40708199e+00 -2.66076453e+00 -2.93346251e+00 -3.22607199e+00 -3.53950875e+00 -3.87470828e+00 -4.23262582e+00 -4.61423629e+00 -5.02053437e+00 -5.45253444e+00 -5.91127061e+00 -6.39779670e+00 -6.91318626e+00 -7.45853256e+00 -8.03494860e+00 -8.64356709e+00 -9.28554045e+00 -9.96204086e+00 -1.06742602e+01
0.00000000e+00 -2.95448790e-04 -1.42142294e-03 -3.83811336e-03 -8.01955470e-03 -1.41540041e-02 -2.16078344e-02 -3.01557746e-02 -3.96112766e-02 -5.35431715e-02 -7.14760908e-02 -9.31823745e-02 -1.19095328e-01 -1.49667545e-01 -1.85370904e-01 -2.26696573e-01 -2.74155006e-01 -3.28275944e-01 -3.89608415e-01 -4.58720736e-01 -5.36200508e-01 -6.22654622e-01 -7.18709255e-01 -8.25009870e-01 -9.42221220e-01 -1.07102734e+00 -1.21213156e+00 -1.36625649e+00 -1.53414403e+00 -1.71655537e+00 -1.91427098e+00 -2.12809062e+00 -2.35883334e+00 -2.60733748e+00 -2.87446065e+00 -3.16107978e+00 -3.46809105e+00 -3.79640995e+00 -4.14697125e+00 -4.52072901e+00 -4.91865657e+00 -5.34174657e+00 -5.79101092e+00 -6.26748084e+00 -6.77220682e+00 -7.30625863e+00 -7.87072535e+00 -8.46671533e+00 -9.09535621e+00 -9.75779493e+00 -1.04551977e+01
0.00000000e+00 -2.90547166e-04 -1.39600457e-03 -3.76266717e-03 -7.84215107e-03 -1.37894615e-02 -2.09241591e-02 -2.91714324e-02 -3.83684224e-02 -5.25561547e-02 -7.01478949e-02 -9.14382269e-02 -1.16851398e-01 -1.46830514e-01 -1.81837532e-01 -2.22353271e-01 -2.68877401e-01 -3.21928453e-01 -3.82043809e-01 -4.49779711e-01 -5.25711255e-01 -6.10432395e-01 -7.04555939e-01 -8.08713553e-01 -9.23555757e-01 -1.04975193e+00 -1.18799030e+00 -1.33897797e+00 -1.50344087e+00 -1.68212381e+00 -1.87579044e+00 -2.08522329e+00 -2.31122372e+00 -2.55461195e+00 -2.81622707e+00 -3.09692702e+00 -3.39758860e+00 -3.71910744e+00 -4.06239807e+00 -4.42839383e+00 -4.81804696e+00 -5.23232853e+00 -5.67222846e+00 -6.13875555e+00 -6.63293744e+00 -7.15582062e+00 -7.70847046e+00 -8.29197117e+00 -8.90742581e+00 -9.55595630e+00 -1.02387034e+01
0.00000000e+00 -2.85773469e-04 -1.37116525e-03 -3.68873497e-03 -7.66798878e-03 -1.34312779e-02 -2.02595205e-02 -2.82045298e-02 -3.75592987e-02 -5.15875342e-02 -6.88437937e-02 -8.97249412e-02 -1.14646269e-01 -1.44041498e-01 -1.78362777e-01 -2.18080684e-01 -2.63684225e-01 -3.15680835e-01 -3.74596377e-01 -4.40975141e-01 -5.15379849e-01 -5.98391647e-01 -6.90610114e-01 -7.92653253e-01 -9.05157500e-01 -1.02877772e+00 -1.16418719e+00 -1.31207764e+00 -1.47315922e+00 -1.64816050e+00 -1.83782849e+00 -2.04292862e+00 -2.26424474e+00 -2.50257916e+00 -2.75875258e+00 -3.03360416e+00 -3.32799146e+00 -3.64279050e+00 -3.97889570e+00 -4.33721993e+00 -4.71869447e+00 -5.12426904e+00 -5.55491178e+00 -6.01160928e+00 -6.49536653e+00 -7.00720696e+00 -7.54817244e+00 -8.11932324e+00 -8.72173810e+00 -9.35651414e+00 -1.00247669e+01
0.00000000e+00 -2.81122708e-04 -1.34688338e-03 -3.61626415e-03 -7.49696719e-03 -1.30792869e-02 -1.96845876e-02 -2.72547297e-02 -3.68742152e-02 -5.06367404e-02 -6.75630628e-02 -8.80416168e-02 -1.12478841e-01 -1.41299178e-01 -1.74945074e-01 -2.13876982e-01 -2.58573357e-01 -3.09530658e-01 -3.67263350e-01 -4.32303900e-01 -5.05202782e-01 -5.86528472e-01 -6.76867452e-01 -7.76824206e-01 -8.87021223e-01 -1.00809900e+00 -1.14071603e+00 -1.28554882e+00 -1.44329188e+00 -1.61465771e+00 -1.80037683e+00 -2.00119776e+00 -2.21788702e+00 -2.45122915e+00 -2.70202667e+00 -2.97110011e+00 -3.25928803e+00 -3.56744696e+00 -3.89645146e+00 -4.24719408e+00 -4.62058536e+00 -5.01755389e+00 -5.43904622e+00 -5.88602692e+00 -6.35947857e+00 -6.86040174e+00 -7.38981502e+00 -7.94875500e+00 -8.53827627e+00 -9.15945142e+00 -9.81337106e+00
0.00000000e+00 -2.76590116e-04 -1.32313821e-03 -3.54520383e-03 -7.32898831e-03 -1.27333249e-02 -1.91384762e-02 -2.63507225e-02 -3.62019382e-02 -4.97032151e-02 -6.63049899e-02 -8.63873646e-02 -1.10348025e-01 -1.38602240e-01 -1.71582863e-01 -2.09740330e-01 -2.53542663e-01 -3.03475464e-01 -3.60041921e-01 -4.23762805e-01 -4.95176472e-01 -5.74838859e-01 -6.63323489e-01 -7.61221468e-01 -8.69141485e-01 -9.87709812e-01 -1.11757031e+00 -1.25938441e+00 -1.41383114e+00 -1.58160712e+00 -1.76342652e+00 -1.96002113e+00 -2.17214031e+00 -2.40055099e+00 -2.64603770e+00 -2.90940256e+00 -3.19146525e+00 -3.49306305e+00 -3.81505082e+00 -4.15830100e+00 -4.52370363e+00 -4.91216632e+00 -5.32461425e+00 -5.76199022e+00 -6.22525457e+00 -6.71538526e+00 -7.23337781e+00 -7.78024535e+00 -8.35701856e+00 -8.96474572e+00 -9.60449270e+00
0.00000000e+00 -2.72171139e-04 -1.29990981e-03 -3.47550485e-03 -7.16395676e-03 -1.23932318e-02 -1.86016930e-02 -2.55915048e-02 -3.55420520e-02 -4.87864116e-02 -6.50688751e-02 -8.47613087e-02 -1.08252745e-01 -1.35949383e-01 -1.68274590e-01 -2.05668898e-01 -2.48590007e-01 -2.97512783e-01 -3.52929259e-01 -4.15348635e-01 -4.85297277e-01 -5.63318717e-01 -6.49973657e-01 -7.45839962e-01 -8.51512665e-01 -9.67603967e-01 -1.09474323e+00 -1.23357700e+00 -1.38476896e+00 -1.54899999e+00 -1.72696811e+00 -1.91938854e+00 -2.12699363e+00 -2.35053291e+00 -2.59077310e+00 -2.84849805e+00 -3.12450880e+00 -3.41962355e+00 -3.73467766e+00 -4.07052367e+00 -4.42803129e+00 -4.80808737e+00 -5.21159595e+00 -5.63947823e+00 -6.09267259e+00 -6.57213454e+00 -7.07883680e+00 -7.61376922e+00 -8.17793885e+00 -8.77236989e+00 -9.39810370e+00
0.00000000e+00 -2.67861430e-04 -1.27717907e-03 -3.40711970e-03 -7.00177974e-03 -1.20588503e-02 -1.80740053e-02 -2.48593480e-02 -3.48941515e-02 -4.78857953e-02 -6.38540322e-02 -8.31625873e-02 -1.06191939e-01 -1.33339320e-01 -1.65018715e-01 -2.01660863e-01 -2.43713257e-01 -2.91640143e-01 -3.45922520e-01 -4.07058141e-01 -4.75561513e-01 -5.51963896e-01 -6.36813302e-01 -7.30674499e-01 -8.34129008e-01 -9.47775101e-01 -1.07222781e+00 -1.20811891e+00 -1.35609693e+00 -1.51682718e+00 -1.69099168e+00 -1.87928923e+00 -2.08243538e+00 -2.30116243e+00 -2.53621944e+00 -2.78837222e+00 -3.05840332e+00 -3.34711207e+00 -3.65531453e+00 -3.98384352e+00 -4.33354863e+00 -4.70529618e+00 -5.09996925e+00 -5.51846769e+00 -5.96170808e+00 -6.43062376e+00 -6.92616483e+00 -7.44929815e+00 -8.00100731e+00 -8.58229268e+00 -9.19417136e+00
0.00000000e+00 -2.63656833e-04 -1.25492760e-03 -3.34000246e-03 -6.84236696e-03 -1.17300268e-02 -1.75551850e-02 -2.41501573e-02 -3.42578417e-02 -4.70008436e-02 -6.26597884e-02 -8.15903538e-02 -1.04164561e-01 -1.30770777e-01 -1.61813710e-01 -1.97714414e-01 -2.38910288e-01 -2.85855072e-01 -3.39018854e-01 -3.98888063e-01 -4.65965473e-01 -5.40770202e-01 -6.23837713e-01 -7.15719811e-01 -8.16984646e-01 -9.28216714e-01 -1.05001685e+00 -1.18300224e+00 -1.32780641e+00 -1.48507924e+00 -1.65548692e+00 -1.83971203e+00 -2.03845346e+00 -2.25242647e+00 -2.48236264e+00 -2.72900991e+00 -2.99313255e+00 -3.27551119e+00 -3.57694281e+00 -3.89824069e+00 -4.24023452e+00 -4.60377027e+00 -4.98971030e+00 -5.39893329e+00 -5.83233428e+00 -6.29082463e+00 -6.77533207e+00 -7.28680067e+00 -7.82619082e+00 -8.39447929e+00 -8.99265916e+00
0.00000000e+00 -2.59553377e-04 -1.23313774e-03 -3.27410875e-03 -6.68563064e-03 -1.14066109e-02 -1.70450084e-02 -2.36587762e-02 -3.36327378e-02 -4.61310462e-02 -6.14854852e-02 -8.00437769e-02 -1.02169582e-01 -1.28242499e-01 -1.58658065e-01 -1.93827756e-01 -2.34178987e-01 -2.80155110e-01 -3.32215416e-01 -3.90835135e-01 -4.56505434e-01 -5.29733419e-01 -6.11042136e-01 -7.00970567e-01 -8.00073635e-01 -9.08922199e-01 -1.02810306e+00 -1.15821895e+00 -1.29988854e+00 -1.45374646e+00 -1.62044325e+00 -1.80064540e+00 -1.99503534e+00 -2.20431144e+00 -2.42918801e+00 -2.67039529e+00 -2.92867946e+00 -3.20480264e+00 -3.49954289e+00 -3.81369422e+00 -4.14806655e+00 -4.50348576e+00 -4.88079366e+00 -5.28084802e+00 -5.70452250e+00 -6.15270676e+00 -6.62630634e+00 -7.12624276e+00 -7.65345346e+00 -8.20889182e+00 -8.79352717e+00
0.00000000e+00 -2.55547265e-04 -1.21179252e-03 -3.20939565e-03 -6.53148541e-03 -1.10884553e-02 -1.65432562e-02 -2.32338381e-02 -3.30184650e-02 -4.52759050e-02 -6.03304781e-02 -7.85220413e-02 -1.00205988e-01 -1.25753248e-01 -1.55550289e-01 -1.89999114e-01 -2.29517262e-01 -2.74537810e-01 -3.25509371e-01 -3.82896095e-01 -4.47177669e-01 -5.18849316e-01 -5.98421794e-01 -6.86421400e-01 -7.83389968e-01 -8.89884866e-01 -1.00647900e+00 -1.13376082e+00 -1.27233429e+00 -1.42281894e+00 -1.58584981e+00 -1.76207750e+00 -1.95216813e+00 -2.15680337e+00 -2.37668041e+00 -2.61251199e+00 -2.86502638e+00 -3.13496739e+00 -3.42309436e+00 -3.73018218e+00 -4.05702127e+00 -4.40441758e+00 -4.77319260e+00 -5.16418337e+00 -5.57824244e+00 -6.01623792e+00 -6.47905344e+00 -6.96758819e+00 -7.48275687e+00 -8.02548973e+00 -8.59673256e+00
0.00000000e+00 -2.51634866e-04 -1.19087562e-03 -3.14582168e-03 -6.37984824e-03 -1.07754164e-02 -1.60497138e-02 -2.28163701e-02 -3.24146586e-02 -4.44349337e-02 -5.91941368e-02 -7.70243480e-02 -9.82727862e-02 -1.23301809e-01 -1.52488912e-01 -1.86226729e-01 -2.24923035e-01 -2.69000742e-01 -3.18897899e-01 -3.75067695e-01 -4.37978460e-01 -5.08113659e-01 -5.85971897e-01 -6.72066917e-01 -7.66927603e-01 -8.71097975e-01 -9.85137193e-01 -1.10961955e+00 -1.24513450e+00 -1.39228660e+00 -1.55169556e+00 -1.72399626e+00 -1.90983866e+00 -2.10988791e+00 -2.32482428e+00 -2.55534316e+00 -2.80215511e+00 -3.06598582e+00 -3.34757609e+00 -3.64768190e+00 -3.96707435e+00 -4.30653967e+00 -4.66687924e+00 -5.04890959e+00 -5.45346236e+00 -5.88138434e+00 -6.33353747e+00 -6.81079883e+00 -7.31406061e+00 -7.84423018e+00 -8.40223001e+00
0.00000000e+00 -2.47812703e-04 -1.17037134e-03 -3.08334670e-03 -6.23063839e-03 -1.04673536e-02 -1.55641710e-02 -2.24061156e-02 -3.18209635e-02 -4.36076581e-02 -5.80758450e-02 -7.55499142e-02 -9.63690001e-02 -1.20886982e-01 -1.49472482e-01 -1.82508870e-01 -2.20394257e-01 -2.63541500e-01 -3.12378200e-01 -3.67346703e-01 -4.28904099e-01 -4.97522223e-01 -5.73687654e-01 -6.57901715e-01 -7.50680475e-01 -8.52554746e-01 -9.64070085e-01 -1.08578679e+00 -1.21827992e+00 -1.36213925e+00 -1.51796932e+00 -1.68638940e+00 -1.86803354e+00 -2.06355048e+00 -2.27360375e+00 -2.49887160e+00 -2.74004703e+00 -2.99783779e+00 -3.27296638e+00 -3.56617001e+00 -3.87820068e+00 -4.20982511e+00 -4.56182476e+00 -4.93499586e+00 -5.33014935e+00 -5.74811093e+00 -6.18972107e+00 -6.65583493e+00 -7.14732247e+00 -7.66506836e+00 -8.20997202e+00
0.00000000e+00 -2.44077452e-04 -1.15026458e-03 -3.02193187e-03 -6.08377735e-03 -1.01641297e-02 -1.50864223e-02 -2.20028247e-02 -3.12370339e-02 -4.27936157e-02 -5.69750007e-02 -7.40979734e-02 -9.44936723e-02 -1.18507590e-01 -1.46499574e-01 -1.78843825e-01 -2.15928897e-01 -2.58157701e-01 -3.05947498e-01 -3.59729907e-01 -4.19950898e-01 -4.87070798e-01 -5.61564285e-01 -6.43920394e-01 -7.34642513e-01 -8.34248382e-01 -9.43270099e-01 -1.06225411e+00 -1.19176123e+00 -1.33236660e+00 -1.48465975e+00 -1.64924453e+00 -1.82673918e+00 -2.01777625e+00 -2.22300269e+00 -2.44307978e+00 -2.67868314e+00 -2.93050278e+00 -3.19924304e+00 -3.48562261e+00 -3.79037455e+00 -4.11424628e+00 -4.45799954e+00 -4.82241045e+00 -5.20826950e+00 -5.61638148e+00 -6.04756560e+00 -6.50265537e+00 -6.98249869e+00 -7.48795779e+00 -8.01990927e+00
0.00000000e+00 -2.40425927e-04 -1.13054081e-03 -2.96153962e-03 -5.93918870e-03 -9.86561062e-03 -1.46162666e-02 -2.16062553e-02 -3.06625333e-02 -4.19923552e-02 -5.58910152e-02 -7.26677749e-02 -9.26458637e-02 -1.16162478e-01 -1.43568782e-01 -1.75229908e-01 -2.11524955e-01 -2.52846988e-01 -2.99603044e-01 -3.52214122e-01 -4.11115194e-01 -4.76755194e-01 -5.49597027e-01 -6.30117565e-01 -7.18807648e-01 -8.16172081e-01 -9.22729639e-01 -1.03901306e+00 -1.16556906e+00 -1.30295832e+00 -1.45175546e+00 -1.61254912e+00 -1.78594187e+00 -1.97255024e+00 -2.17300477e+00 -2.38794993e+00 -2.61804416e+00 -2.86395989e+00 -3.12638350e+00 -3.40601534e+00 -3.70356973e+00 -4.01977496e+00 -4.35537328e+00 -4.71112091e+00 -5.08778804e+00 -5.48615884e+00 -5.90703141e+00 -6.35121786e+00 -6.81954424e+00 -7.31285058e+00 -7.83199087e+00
0.00000000e+00 -2.36855078e-04 -1.11118602e-03 -2.90213354e-03 -5.79679810e-03 -9.59478280e-03 -1.42858988e-02 -2.12161717e-02 -3.00971342e-02 -4.12034365e-02 -5.48233134e-02 -7.12585843e-02 -9.08246533e-02 -1.13850509e-01 -1.40678725e-01 -1.71665458e-01 -2.07180452e-01 -2.47607034e-01 -2.93342116e-01 -3.44796194e-01 -4.02393349e-01 -4.66571247e-01 -5.37781138e-01 -6.16487858e-01 -7.03169827e-01 -7.98319047e-01 -9.02441109e-01 -1.01605519e+00 -1.13969404e+00 -1.27390400e+00 -1.41924501e+00 -1.57629058e+00 -1.74562779e+00 -1.92785734e+00 -2.12359350e+00 -2.33346410e+00 -2.55811058e+00 -2.79818798e+00 -3.05436488e+00 -3.32732348e+00 -3.61775956e+00 -3.92638246e+00 -4.25391514e+00 -4.60109413e+00 -4.96866953e+00 -5.35740504e+00 -5.76807794e+00 -6.20147910e+00 -6.65841298e+00 -7.13969760e+00 -7.64616459e+00
0.00000000e+00 -2.33361980e-04 -1.09218671e-03 -2.84367838e-03 -5.65653319e-03 -9.34470944e-03 -1.40338678e-02 -2.08323449e-02 -2.95405176e-02 -4.04264304e-02 -5.37713335e-02 -6.98696824e-02 -8.90291382e-02 -1.11570567e-01 -1.37828042e-01 -1.68148839e-01 -2.02893442e-01 -2.42435539e-01 -2.87162023e-01 -3.37472995e-01 -3.93781758e-01 -4.56514824e-01 -5.26111907e-01 -6.03025930e-01 -6.87723017e-01 -7.80682503e-01 -8.82396923e-01 -9.93372022e-01 -1.11412675e+00 -1.24519325e+00 -1.38711690e+00 -1.54045625e+00 -1.70578307e+00 -1.88368235e+00 -2.07475226e+00 -2.27960418e+00 -2.49886272e+00 -2.73316567e+00 -2.98316403e+00 -3.24952201e+00 -3.53291702e+00 -3.83403969e+00 -4.15359384e+00 -4.49229649e+00 -4.85087789e+00 -5.23008148e+00 -5.63066390e+00 -6.05339501e+00 -6.49905786e+00 -6.96844871e+00 -7.46237705e+00
0.00000000e+00 -2.29943831e-04 -1.07352989e-03 -2.78613995e-03 -5.51832350e-03 -9.09832169e-03 -1.37859492e-02 -2.04545526e-02 -2.89923728e-02 -3.96609179e-02 -5.27345260e-02 -6.85003651e-02 -8.72584331e-02 -1.09321558e-01 -1.35015397e-01 -1.64678439e-01 -1.98662001e-01 -2.37330230e-01 -2.81060105e-01 -3.30241432e-01 -3.85276850e-01 -4.46581824e-01 -5.14584654e-01 -5.89726466e-01 -6.72461216e-01 -7.63255693e-01 -8.62589514e-01 -9.70955125e-01 -1.08885780e+00 -1.21681565e+00 -1.35535962e+00 -1.50503346e+00 -1.66639377e+00 -1.84000999e+00 -2.02646436e+00 -2.22635198e+00 -2.44028076e+00 -2.66887144e+00 -2.91275761e+00 -3.17258567e+00 -3.44901485e+00 -3.74271722e+00 -4.05437769e+00 -4.38469396e+00 -4.73437661e+00 -5.10414901e+00 -5.49474738e+00 -5.90692077e+00 -6.34143105e+00 -6.79905293e+00 -7.28057394e+00
0.00000000e+00 -2.26597941e-04 -1.05520301e-03 -2.72948510e-03 -5.38210035e-03 -8.85550441e-03 -1.35419951e-02 -2.00825782e-02 -2.84523970e-02 -3.89064901e-02 -5.17123540e-02 -6.71499432e-02 -8.55116701e-02 -1.07102405e-01 -1.32239477e-01 -1.61252672e-01 -1.94484235e-01 -2.32288868e-01 -2.75033732e-01 -3.23098445e-01 -3.76875083e-01 -4.36768182e-01 -5.03194733e-01 -5.76584187e-01 -6.57378452e-01 -7.46031895e-01 -8.43011341e-01 -9.48796071e-01 -1.06387783e+00 -1.18876081e+00 -1.32396166e+00 -1.47000952e+00 -1.62744594e+00 -1.79682496e+00 -1.97871306e+00 -2.17368920e+00 -2.38234477e+00 -2.60528364e+00 -2.84312213e+00 -3.09648902e+00 -3.36602554e+00 -3.65238540e+00 -3.95623473e+00 -4.27825215e+00 -4.61912874e+00 -4.97956801e+00 -5.36028595e+00 -5.76201100e+00 -6.18548407e+00 -6.63145851e+00 -7.10070014e+00
0.00000000e+00 -2.23321729e-04 -1.03719396e-03 -2.67368164e-03 -5.24779681e-03 -8.61614519e-03 -1.33018619e-02 -1.97162111e-02 -2.79202952e-02 -3.81627479e-02 -5.07042923e-02 -6.58177414e-02 -8.37879976e-02 -1.04912053e-01 -1.29498989e-01 -1.57869977e-01 -1.90358277e-01 -2.27309240e-01 -2.69080307e-01 -3.16041005e-01 -3.68572955e-01 -4.27069866e-01 -4.91937535e-01 -5.63593850e-01 -6.42468788e-01 -7.29004418e-01 -8.23654894e-01 -9.26886465e-01 -1.03917746e+00 -1.16101832e+00 -1.29291154e+00 -1.43537174e+00 -1.58892560e+00 -1.75411192e+00 -1.93148156e+00 -2.12159749e+00 -2.32503476e+00 -2.54238052e+00 -2.77423398e+00 -3.02120648e+00 -3.28392143e+00 -3.56301432e+00 -3.85913275e+00 -4.17293640e+00 -4.50509703e+00 -4.85629850e+00 -5.22723676e+00 -5.61861986e+00 -6.03116791e+00 -6.46561313e+00 -6.92269984e+00
0.00000000e+00 -2.20112715e-04 -1.01949103e-03 -2.61869833e-03 -5.11534760e-03 -8.38013423e-03 -1.30654099e-02 -1.93552464e-02 -2.73957797e-02 -3.74293012e-02 -4.97098272e-02 -6.45030984e-02 -8.20865802e-02 -1.02749463e-01 -1.26792661e-01 -1.54528813e-01 -1.86282285e-01 -2.22389163e-01 -2.63197262e-01 -3.09066119e-01 -3.60366997e-01 -4.17482883e-01 -4.80808489e-01 -5.50750250e-01 -6.27726328e-01 -7.12166608e-01 -8.04512702e-01 -9.05217943e-01 -1.01474739e+00 -1.13357783e+00 -1.26219777e+00 -1.40110744e+00 -1.55081881e+00 -1.71185554e+00 -1.88475306e+00 -2.07005850e+00 -2.26833070e+00 -2.48014025e+00 -2.70606947e+00 -2.94671236e+00 -3.20267470e+00 -3.47457397e+00 -3.76303935e+00 -4.06871180e+00 -4.39224395e+00 -4.73430019e+00 -5.09555662e+00 -5.47670107e+00 -5.87843309e+00 -6.30146395e+00 -6.74651666e+00
0.00000000e+00 -2.16968520e-04 -1.00208292e-03 -2.56450478e-03 -4.98468898e-03 -8.16136862e-03 -1.28325035e-02 -1.89994844e-02 -2.68785695e-02 -3.67057690e-02 -4.87284556e-02 -6.32053657e-02 -8.04065981e-02 -1.00613615e-01 -1.24119242e-01 -1.51227668e-01 -1.82254443e-01 -2.17526482e-01 -2.57382062e-01 -3.02170826e-01 -3.52253775e-01 -4.08003276e-01 -4.69803061e-01 -5.38048221e-01 -6.13145212e-01 -6.95511853e-01 -7.85577327e-01 -8.83782179e-01 -9.90578317e-01 -1.10642901e+00 -1.23180890e+00 -1.36720397e+00 -1.51311160e+00 -1.67004050e+00 -1.83851075e+00 -2.01905382e+00 -2.21221251e+00 -2.41854100e+00 -2.63860482e+00 -2.87298088e+00 -3.12225745e+00 -3.38703415e+00 -3.66792197e+00 -3.96554327e+00 -4.28053177e+00 -4.61353254e+00 -4.96520203e+00 -5.33620804e+00 -5.72722975e+00 -6.13895769e+00 -6.57209374e+00
0.00000000e+00 -2.13886853e-04 -9.84958705e-04 -2.51107145e-03 -4.85575874e-03 -8.01244987e-03 -1.26030106e-02 -1.86487302e-02 -2.63683906e-02 -3.59917783e-02 -4.77596851e-02 -6.19239072e-02 -7.87472459e-02 -9.85035072e-02 -1.21477502e-01 -1.47965046e-01 -1.78272959e-01 -2.12719067e-01 -2.51632200e-01 -2.95352193e-01 -3.44229886e-01 -3.98627123e-01 -4.58916755e-01 -5.25482634e-01 -5.98719620e-01 -6.79033577e-01 -7.66841374e-01 -8.62570885e-01 -9.66660987e-01 -1.07956156e+00 -1.20173350e+00 -1.33364870e+00 -1.47579005e+00 -1.62865145e+00 -1.79273782e+00 -1.96856507e+00 -2.15666010e+00 -2.35756085e+00 -2.57181625e+00 -2.79998621e+00 -3.04264168e+00 -3.30036460e+00 -3.57374792e+00 -3.86339559e+00 -4.16992255e+00 -4.49395478e+00 -4.83612924e+00 -5.19709389e+00 -5.57750772e+00 -5.97804069e+00 -6.39937381e+00
0.00000000e+00 -2.10865513e-04 -9.68107783e-04 -2.45836956e-03 -4.72849601e-03 -7.87403064e-03 -1.23768027e-02 -1.83027942e-02 -2.58649748e-02 -3.52869645e-02 -4.68030328e-02 -6.06580990e-02 -7.71077324e-02 -9.64181520e-02 -1.18866227e-01 -1.44739475e-01 -1.74336066e-01 -2.07964817e-01 -2.45945197e-01 -2.88607323e-01 -3.36291964e-01 -3.89350537e-01 -4.48145109e-01 -5.13048398e-01 -5.84443770e-01 -6.62725244e-01 -7.48297484e-01 -8.41575808e-01 -9.42986183e-01 -1.05296522e+00 -1.17196020e+00 -1.30042902e+00 -1.43884025e+00 -1.58767312e+00 -1.74741747e+00 -1.91857384e+00 -2.10165338e+00 -2.29717791e+00 -2.50567990e+00 -2.72770245e+00 -2.96379934e+00 -3.21453497e+00 -3.48048441e+00 -3.76223337e+00 -4.06037823e+00 -4.37552598e+00 -4.70829429e+00 -5.05931149e+00 -5.42921652e+00 -5.81865900e+00 -6.22829920e+00
0.00000000e+00 -2.07902380e-04 -9.51519900e-04 -2.40637108e-03 -4.60284128e-03 -7.73764287e-03 -1.21537545e-02 -1.79614907e-02 -2.53680603e-02 -3.45909701e-02 -4.58580250e-02 -5.94073278e-02 -7.54872793e-02 -9.43565782e-02 -1.16284221e-01 -1.41549503e-01 -1.70442017e-01 -2.03261653e-01 -2.40318599e-01 -2.81933344e-01 -3.28436670e-01 -3.80169661e-01 -4.37483697e-01 -5.00740457e-01 -5.70311917e-01 -6.46580352e-01 -7.29938335e-01 -8.20788734e-01 -9.19544720e-01 -1.02662976e+00 -1.14247761e+00 -1.26753235e+00 -1.40224832e+00 -1.54709019e+00 -1.70253292e+00 -1.86906175e+00 -2.04717225e+00 -2.23737025e+00 -2.44017191e+00 -2.65610368e+00 -2.88570230e+00 -3.12951481e+00 -3.38809855e+00 -3.66202116e+00 -3.95186057e+00 -4.25820503e+00 -4.58165305e+00 -4.92281348e+00 -5.28230544e+00 -5.66075835e+00 -6.05881194e+00
0.00000000e+00 -2.04995414e-04 -9.35185110e-04 -2.35504865e-03 -4.48385664e-03 -7.60320912e-03 -1.19337438e-02 -1.76246387e-02 -2.48773904e-02 -3.39034448e-02 -4.49241970e-02 -5.81709912e-02 -7.38851209e-02 -9.23178288e-02 -1.13730307e-01 -1.38393696e-01 -1.66589087e-01 -1.98607519e-01 -2.34749981e-01 -2.75327410e-01 -3.20660695e-01 -3.71080671e-01 -4.26928124e-01 -4.88553788e-01 -5.56318348e-01 -6.30592438e-01 -7.11756638e-01 -8.00201481e-01 -8.96327449e-01 -1.00054497e+00 -1.11327442e+00 -1.23494614e+00 -1.36600039e+00 -1.50688742e+00 -1.65806738e+00 -1.82001041e+00 -1.99319658e+00 -2.17811592e+00 -2.37526840e+00 -2.58516393e+00 -2.80832240e+00 -3.04527363e+00 -3.29655737e+00 -3.56272336e+00 -3.84433125e+00 -4.14195068e+00 -4.45616119e+00 -4.78755232e+00 -5.13672352e+00 -5.50428421e+00 -5.89085375e+00
0.00000000e+00 -2.02142648e-04 -9.19093757e-04 -2.30437557e-03 -4.37602721e-03 -7.47065393e-03 -1.17166513e-02 -1.72920610e-02 -2.43927140e-02 -3.32240449e-02 -4.40010918e-02 -5.69484961e-02 -7.23005027e-02 -9.03009599e-02 -1.11203319e-01 -1.35270637e-01 -1.62775570e-01 -1.94000381e-01 -2.29236936e-01 -2.68786704e-01 -3.12960756e-01 -3.62079769e-01 -4.16474022e-01 -4.76483398e-01 -5.42457382e-01 -6.14755064e-01 -6.93745137e-01 -7.79805898e-01 -8.73325245e-01 -9.74700683e-01 -1.08433932e+00 -1.20265786e+00 -1.33008262e+00 -1.46704952e+00 -1.61400408e+00 -1.77140142e+00 -1.93970627e+00 -2.11939296e+00 -2.31094542e+00 -2.51485720e+00 -2.73163143e+00 -2.96178085e+00 -3.20582782e+00 -3.46430428e+00 -3.73775180e+00 -4.02672152e+00 -4.33177422e+00 -4.65348025e+00 -4.99241958e+00 -5.34918179e+00 -5.72436605e+00
0.00000000e+00 -1.99342185e-04 -9.03236460e-04 -2.25432571e-03 -4.29526397e-03 -7.33990373e-03 -1.15023605e-02 -1.69635839e-02 -2.39137844e-02 -3.25524326e-02 -4.30882600e-02 -5.57392586e-02 -7.07326808e-02 -8.83050397e-02 -1.08702109e-01 -1.32178923e-01 -1.58999776e-01 -1.89438223e-01 -2.23777081e-01 -2.62308425e-01 -3.05333594e-01 -3.53163183e-01 -4.06117052e-01 -4.64524318e-01 -5.28723362e-01 -5.99061823e-01 -6.75896601e-01 -7.59593856e-01 -8.50529011e-01 -9.49086748e-01 -1.05566101e+00 -1.17065500e+00 -1.29448117e+00 -1.42756127e+00 -1.57032626e+00 -1.72321640e+00 -1.88668119e+00 -2.06117939e+00 -2.24717904e+00 -2.44515742e+00 -2.65560108e+00 -2.87900583e+00 -3.11587674e+00 -3.36672814e+00 -3.63208361e+00 -3.91247601e+00 -4.20844745e+00 -4.52054930e+00 -4.84934220e+00 -5.19539604e+00 -5.55928997e+00
0.00000000e+00 -1.96592195e-04 -8.87604093e-04 -2.20487353e-03 -4.22371464e-03 -7.21088667e-03 -1.12907571e-02 -1.66390375e-02 -2.34403596e-02 -3.18882758e-02 -4.21852591e-02 -5.45427029e-02 -6.91809209e-02 -8.63291476e-02 -1.06225538e-01 -1.29117167e-01 -1.55260031e-01 -1.84919046e-01 -2.18368048e-01 -2.55889796e-01 -2.97775967e-01 -3.44327160e-01 -3.95852892e-01 -4.52671604e-01 -5.15110655e-01 -5.83506326e-01 -6.58203817e-01 -7.39557249e-01 -8.27929665e-01 -9.23693026e-01 -1.02722822e+00 -1.13892504e+00 -1.25918221e+00 -1.38840739e+00 -1.52701713e+00 -1.67543692e+00 -1.83410116e+00 -2.00345319e+00 -2.18394524e+00 -2.37603849e+00 -2.58020302e+00 -2.79691784e+00 -3.02667088e+00 -3.26995899e+00 -3.52728794e+00 -3.79917242e+00 -4.08613603e+00 -4.38871132e+00 -4.70743973e+00 -5.04287163e+00 -5.39556632e+00
0.00000000e+00 -1.93890909e-04 -8.72187770e-04 -2.15599397e-03 -4.15315269e-03 -7.08353255e-03 -1.10817296e-02 -1.63182547e-02 -2.29722016e-02 -3.12312476e-02 -4.12916527e-02 -5.33582604e-02 -6.76444971e-02 -8.43723725e-02 -1.03772479e-01 -1.26083994e-01 -1.51554675e-01 -1.80440864e-01 -2.13007488e-01 -2.49528054e-01 -2.90284655e-01 -3.35567964e-01 -3.85677241e-01 -4.40920326e-01 -5.01613643e-01 -5.68082200e-01 -6.40659588e-01 -7.19687979e-01 -8.05518132e-01 -8.98509385e-01 -9.99029662e-01 -1.10745547e+00 -1.22417190e+00 -1.34957261e+00 -1.48405988e+00 -1.62804454e+00 -1.78194600e+00 -1.94619227e+00 -2.12121995e+00 -2.30747420e+00 -2.50540878e+00 -2.71548603e+00 -2.93817686e+00 -3.17396079e+00 -3.42332589e+00 -3.68676884e+00 -3.96479489e+00 -4.25791788e+00 -4.56666022e+00 -4.89155293e+00 -5.23313559e+00
0.00000000e+00 -1.91236620e-04 -8.56978830e-04 -2.10766243e-03 -4.08353875e-03 -6.95777265e-03 -1.08751683e-02 -1.60010714e-02 -2.25090763e-02 -3.05810255e-02 -4.04070100e-02 -5.21853692e-02 -6.61226912e-02 -8.24338120e-02 -1.01341817e-01 -1.23078038e-01 -1.47882058e-01 -1.76001705e-01 -2.07693060e-01 -2.43220448e-01 -2.82856445e-01 -3.26881874e-01 -3.75585808e-01 -4.29265566e-01 -4.88226719e-01 -5.52783082e-01 -6.23256723e-01 -6.99977954e-01 -7.83285339e-01 -8.73525689e-01 -9.71054063e-01 -1.07623377e+00 -1.18943636e+00 -1.31104165e+00 -1.44143768e+00 -1.58102076e+00 -1.73019544e+00 -1.88937452e+00 -2.05897903e+00 -2.23943829e+00 -2.43118982e+00 -2.63467943e+00 -2.85036116e+00 -3.07869728e+00 -3.32015835e+00 -3.57522314e+00 -3.84437870e+00 -4.12812029e+00 -4.42695146e+00 -4.74138398e+00 -5.07193789e+00
0.00000000e+00 -1.88627674e-04 -8.41968816e-04 -2.06307407e-03 -4.01483436e-03 -6.83353963e-03 -1.06709655e-02 -1.56873263e-02 -2.20507525e-02 -2.99372910e-02 -3.95309048e-02 -5.10234730e-02 -6.46147912e-02 -8.05125709e-02 -9.89324400e-02 -1.20097943e-01 -1.44240539e-01 -1.71599606e-01 -2.02422436e-01 -2.36964238e-01 -2.75488137e-01 -3.18265175e-01 -3.65574309e-01 -4.17702413e-01 -4.74944277e-01 -5.37602608e-01 -6.05988028e-01 -6.80419075e-01 -7.61222205e-01 -8.48731789e-01 -9.43290114e-01 -1.04524738e+00 -1.15496172e+00 -1.27279915e+00 -1.39913364e+00 -1.53434705e+00 -1.67882916e+00 -1.83297768e+00 -1.99719823e+00 -2.17190433e+00 -2.35751744e+00 -2.55446693e+00 -2.76319006e+00 -2.98413205e+00 -3.21774601e+00 -3.46449296e+00 -3.72484186e+00 -3.99926957e+00 -4.28826087e+00 -4.59230845e+00 -4.91191292e+00
0.00000000e+00 -1.86062472e-04 -8.27149462e-04 -2.03019064e-03 -3.94700184e-03 -6.71076741e-03 -1.04690153e-02 -1.53768600e-02 -2.15970023e-02 -2.92997295e-02 -3.86629154e-02 -4.98720202e-02 -6.31200905e-02 -7.86077594e-02 -9.65432464e-02 -1.17142357e-01 -1.40628485e-01 -1.67232608e-01 -1.97193291e-01 -2.30756687e-01 -2.68176533e-01 -3.09714154e-01 -3.55638461e-01 -4.06225952e-01 -4.61760711e-01 -5.22534408e-01 -5.88846299e-01 -6.61003228e-01 -7.39319625e-01 -8.24117506e-01 -9.15726473e-01 -1.01448372e+00 -1.12073401e+00 -1.23482972e+00 -1.35713078e+00 -1.48800475e+00 -1.62782673e+00 -1.77697944e+00 -1.93585316e+00 -2.10484579e+00 -2.28436278e+00 -2.47481719e+00 -2.67662966e+00 -2.89022842e+00 -3.11604928e+00 -3.35453563e+00 -3.60613847e+00 -3.87131637e+00 -4.15053548e+00 -4.44426954e+00 -4.75299990e+00
0.00000000e+00 -1.83539461e-04 -8.12512676e-04 -1.99826833e-03 -3.88000432e-03 -6.58939104e-03 -1.02692134e-02 -1.50695154e-02 -2.11476000e-02 -2.86680290e-02 -3.78026233e-02 -4.87304629e-02 -6.16378866e-02 -7.67184923e-02 -9.41731368e-02 -1.14209936e-01 -1.37044265e-01 -1.62898756e-01 -1.92003304e-01 -2.24595060e-01 -2.60918435e-01 -3.01225098e-01 -3.45773978e-01 -3.94831263e-01 -4.48670399e-01 -5.07572093e-01 -5.71824309e-01 -6.41722271e-01 -7.17568461e-01 -7.99672621e-01 -8.88351751e-01 -9.83930112e-01 -1.08673922e+00 -1.19711786e+00 -1.31541206e+00 -1.44197512e+00 -1.57716759e+00 -1.72135729e+00 -1.87491928e+00 -2.03823591e+00 -2.21169676e+00 -2.39569868e+00 -2.59064578e+00 -2.79694943e+00 -3.01502825e+00 -3.24530813e+00 -3.48822221e+00 -3.74421090e+00 -4.01372186e+00 -4.29721001e+00 -4.59513753e+00
0.00000000e+00 -1.81057137e-04 -7.98050525e-04 -1.96676681e-03 -3.81380558e-03 -6.46934659e-03 -1.00714569e-02 -1.47651372e-02 -2.07023222e-02 -2.80418800e-02 -3.69496127e-02 -4.75982562e-02 -6.01674798e-02 -7.48438870e-02 -9.18210146e-02 -1.11299334e-01 -1.33486249e-01 -1.58596098e-01 -1.86850153e-01 -2.18476620e-01 -2.53710639e-01 -2.92794282e-01 -3.35976558e-01 -3.83513406e-01 -4.35667701e-01 -4.92709251e-01 -5.54914800e-01 -6.22568021e-01 -6.95959525e-01 -7.75386856e-01 -8.61154490e-01 -9.53573837e-01 -1.05296324e+00 -1.15964799e+00 -1.27396028e+00 -1.39623927e+00 -1.52683103e+00 -1.66608857e+00 -1.81437186e+00 -1.97204776e+00 -2.13949008e+00 -2.31707959e+00 -2.50520396e+00 -2.70425780e+00 -2.91464267e+00 -3.13676705e+00 -3.37104635e+00 -3.61790293e+00 -3.87776607e+00 -4.15107199e+00 -4.43826385e+00
0.00000000e+00 -1.78614039e-04 -7.85705405e-04 -1.93566866e-03 -3.74837000e-03 -6.35057100e-03 -9.87564385e-03 -1.44635714e-02 -2.02609470e-02 -2.74209749e-02 -3.61034697e-02 -4.64748567e-02 -5.87081719e-02 -7.29830618e-02 -8.94857837e-02 -1.08409205e-01 -1.29952805e-01 -1.54322673e-01 -1.81731507e-01 -2.12398619e-01 -2.46549929e-01 -2.84417969e-01 -3.26241881e-01 -3.72267418e-01 -4.22746943e-01 -4.77939431e-01 -5.38110466e-01 -6.03532244e-01 -6.74483570e-01 -7.51249861e-01 -8.34123145e-01 -9.23402059e-01 -1.01939185e+00 -1.12240438e+00 -1.23275812e+00 -1.35077814e+00 -1.47679615e+00 -1.61115043e+00 -1.75418591e+00 -1.90625410e+00 -2.06771314e+00 -2.23892778e+00 -2.42026936e+00 -2.61211586e+00 -2.81485184e+00 -3.02886850e+00 -3.25456363e+00 -3.49234165e+00 -3.74261356e+00 -4.00579700e+00 -4.28231621e+00
0.00000000e+00 -1.76208746e-04 -7.74475766e-04 -1.90495676e-03 -3.68366252e-03 -6.23300196e-03 -9.68167348e-03 -1.41646650e-02 -1.98232539e-02 -2.68050072e-02 -3.52637812e-02 -4.53597219e-02 -5.72592647e-02 -7.11351346e-02 -8.71663459e-02 -1.05538203e-01 -1.26442298e-01 -1.50076516e-01 -1.76645028e-01 -2.06358295e-01 -2.39433071e-01 -2.76092395e-01 -3.16565599e-01 -3.61088301e-01 -4.09902412e-01 -4.63256131e-01 -5.21403945e-01 -5.84606634e-01 -6.53131264e-01 -7.27251193e-01 -8.07246066e-01 -8.93401821e-01 -9.86010682e-01 -1.08537116e+00 -1.19178807e+00 -1.30557250e+00 -1.42704183e+00 -1.55651974e+00 -1.69433619e+00 -1.84082743e+00 -1.99633600e+00 -2.16121073e+00 -2.33580675e+00 -2.52048547e+00 -2.71561458e+00 -2.92156807e+00 -3.13872622e+00 -3.36747560e+00 -3.60820907e+00 -3.86132577e+00 -4.12723114e+00
0.00000000e+00 -1.73907935e-04 -7.63401780e-04 -1.87461430e-03 -3.61964854e-03 -6.11657780e-03 -9.48944568e-03 -1.38682660e-02 -1.93890230e-02 -2.61936709e-02 -3.44301346e-02 -4.42523089e-02 -5.58200590e-02 -6.92992205e-02 -8.48615991e-02 -1.02684971e-01 -1.22953082e-01 -1.45855649e-01 -1.71588360e-01 -2.00352870e-01 -2.32356808e-01 -2.67813771e-01 -3.06943327e-01 -3.49971014e-01 -3.97128342e-01 -4.48652788e-01 -5.04787801e-01 -5.65782802e-01 -6.31893179e-01 -7.03380292e-01 -7.80511473e-01 -8.63560020e-01 -9.52805205e-01 -1.04853227e+00 -1.15103242e+00 -1.26060285e+00 -1.37754669e+00 -1.50217309e+00 -1.63479712e+00 -1.77573985e+00 -1.92532831e+00 -2.08389551e+00 -2.25178042e+00 -2.42932798e+00 -2.61688911e+00 -2.81482069e+00 -3.02348558e+00 -3.24325260e+00 -3.47449654e+00 -3.71759818e+00 -3.97294424e+00
0.00000000e+00 -1.71751389e-04 -7.52477252e-04 -1.84462474e-03 -3.55629384e-03 -6.00123735e-03 -9.29886087e-03 -1.35742229e-02 -1.89580345e-02 -2.55866600e-02 -3.36021162e-02 -4.31520728e-02 -5.43898523e-02 -6.74744301e-02 -8.25704344e-02 -9.98481462e-02 -1.19483499e-01 -1.41658080e-01 -1.66559129e-01 -1.94379537e-01 -2.25317850e-01 -2.59578265e-01 -2.97370634e-01 -3.38910460e-01 -3.84418899e-01 -4.34122761e-01 -4.88254507e-01 -5.47052253e-01 -6.10759766e-01 -6.79626466e-01 -7.53907427e-01 -8.33863375e-01 -9.19760690e-01 -1.01187140e+00 -1.11047320e+00 -1.21584941e+00 -1.32828903e+00 -1.44808671e+00 -1.57554273e+00 -1.71096306e+00 -1.85465928e+00 -2.00694865e+00 -2.16815409e+00 -2.33860414e+00 -2.51863303e+00 -2.70858062e+00 -2.90879242e+00 -3.11961962e+00 -3.34141902e+00 -3.57455311e+00 -3.81939003e+00
0.00000000e+00 -1.69629278e-04 -7.41696111e-04 -1.81497177e-03 -3.49356454e-03 -5.88691976e-03 -9.10981978e-03 -1.32823840e-02 -1.85300687e-02 -2.49836675e-02 -3.27793108e-02 -4.20584661e-02 -5.29679378e-02 -6.56598676e-02 -8.02917339e-02 -9.70263525e-02 -1.16031876e-01 -1.37481794e-01 -1.61554933e-01 -1.88435457e-01 -2.18312867e-01 -2.51382000e-01 -2.87843031e-01 -3.27901472e-01 -3.71768172e-01 -4.19659317e-01 -4.71796430e-01 -5.28406370e-01 -5.89721335e-01 -6.55978858e-01 -7.27421811e-01 -8.04298401e-01 -8.86862174e-01 -9.75372012e-01 -1.07009213e+00 -1.17129210e+00 -1.27924679e+00 -1.39423645e+00 -1.51654664e+00 -1.64646826e+00 -1.78429756e+00 -1.93033612e+00 -2.08489084e+00 -2.24827399e+00 -2.42080315e+00 -2.60280125e+00 -2.79459655e+00 -2.99652265e+00 -3.20891849e+00 -3.43212834e+00 -3.66650182e+00
0.00000000e+00 -1.67540401e-04 -7.31052391e-04 -1.78563923e-03 -3.43142697e-03 -5.77356442e-03 -8.92222318e-03 -1.29925976e-02 -1.81049049e-02 -2.43843849e-02 -3.19613003e-02 -4.09709366e-02 -5.15536021e-02 -6.38546278e-02 -7.80243675e-02 -9.42181978e-02 -1.12596518e-01 -1.33324750e-01 -1.56573339e-01 -1.82517753e-01 -2.11338482e-01 -2.43221040e-01 -2.78355961e-01 -3.16938806e-01 -3.59170156e-01 -4.05255614e-01 -4.55405809e-01 -5.09836390e-01 -5.68768030e-01 -6.32426423e-01 -7.01042289e-01 -7.74851369e-01 -8.54094426e-01 -9.39017246e-01 -1.02987064e+00 -1.12691044e+00 -1.23039750e+00 -1.34059769e+00 -1.45778193e+00 -1.58222612e+00 -1.71421123e+00 -1.85402321e+00 -2.00195305e+00 -2.15829678e+00 -2.32335543e+00 -2.49743506e+00 -2.68084674e+00 -2.87390660e+00 -3.07693575e+00 -3.29026035e+00 -3.51421156e+00
0.00000000e+00 -1.65483587e-04 -7.20540221e-04 -1.75661117e-03 -3.36984763e-03 -5.66111077e-03 -8.73597166e-03 -1.27047113e-02 -1.76823208e-02 -2.37885009e-02 -3.11476626e-02 -3.98889267e-02 -5.01461238e-02 -6.20577947e-02 -7.57671900e-02 -9.14222703e-02 -1.09175706e-01 -1.29184878e-01 -1.51611876e-01 -1.76623501e-01 -2.04391262e-01 -2.35091381e-01 -2.68904787e-01 -3.06017121e-01 -3.46618732e-01 -3.90904681e-01 -4.39074737e-01 -4.91333381e-01 -5.47889801e-01 -6.08957898e-01 -6.74756282e-01 -7.45508273e-01 -8.21441899e-01 -9.02789900e-01 -9.89789726e-01 -1.08268354e+00 -1.18171820e+00 -1.28714530e+00 -1.39922112e+00 -1.51820666e+00 -1.64436763e+00 -1.77797445e+00 -1.91930225e+00 -2.06863086e+00 -2.22624485e+00 -2.39243345e+00 -2.56749065e+00 -2.75171513e+00 -2.94541026e+00 -3.14888416e+00 -3.36244962e+00
0.00000000e+00 -1.63457696e-04 -7.10153814e-04 -1.72787170e-03 -3.30879308e-03 -5.54949812e-03 -8.55096533e-03 -1.24185717e-02 -1.72620925e-02 -2.31957014e-02 -3.03379707e-02 -3.88118709e-02 -4.87447708e-02 -6.02684378e-02 -7.35190377e-02 -8.86371345e-02 -1.05767691e-01 -1.25060068e-01 -1.46668024e-01 -1.70749718e-01 -1.97467705e-01 -2.26988941e-01 -2.59484777e-01 -2.95130966e-01 -3.34107656e-01 -3.76599397e-01 -4.22795135e-01 -4.72888214e-01 -5.27076377e-01 -5.85561768e-01 -6.48550925e-01 -7.16254787e-01 -7.88888691e-01 -8.66672372e-01 -9.49829964e-01 -1.03859000e+00 -1.13318541e+00 -1.23385352e+00 -1.34083606e+00 -1.45437916e+00 -1.57473333e+00 -1.70215351e+00 -1.83689901e+00 -1.97923356e+00 -2.12942526e+00 -2.28774664e+00 -2.45447461e+00 -2.62989048e+00 -2.81427997e+00 -3.00793318e+00 -3.21114462e+00
0.00000000e+00 -1.61461610e-04 -6.99887446e-04 -1.69940502e-03 -3.24822987e-03 -5.43866553e-03 -8.36710357e-03 -1.21340236e-02 -1.68439931e-02 -2.26056677e-02 -2.95317911e-02 -3.77391949e-02 -4.73487986e-02 -5.84856101e-02 -7.12787249e-02 -8.58613267e-02 -1.02370687e-01 -1.20948166e-01 -1.41739211e-01 -1.64893358e-01 -1.90564231e-01 -2.18909541e-01 -2.50091089e-01 -2.84274761e-01 -3.21630534e-01 -3.62332472e-01 -4.06558726e-01 -4.54491537e-01 -5.06317231e-01 -5.62226226e-01 -6.22413025e-01 -6.87076220e-01 -7.56418490e-01 -8.30646604e-01 -9.09971418e-01 -9.94607876e-01 -1.08477501e+00 -1.18069594e+00 -1.28259787e+00 -1.39071210e+00 -1.50527402e+00 -1.62652309e+00 -1.75470288e+00 -1.89006103e+00 -2.03284928e+00 -2.18332345e+00 -2.34174346e+00 -2.50837331e+00 -2.68348108e+00 -2.86733896e+00 -3.06022319e+00
0.00000000e+00 -1.59494237e-04 -6.89735449e-04 -1.67119538e-03 -3.18812442e-03 -5.32855162e-03 -8.18428468e-03 -1.18509099e-02 -1.64277924e-02 -2.20180758e-02 -2.87286824e-02 -3.66703131e-02 -4.59574477e-02 -5.67083442e-02 -6.90450398e-02 -8.30933499e-02 -9.89828689e-02 -1.16846969e-01 -1.36822803e-01 -1.59051301e-01 -1.83677170e-01 -2.10848899e-01 -2.40718754e-01 -2.73442780e-01 -3.09180800e-01 -3.48096417e-01 -3.90357010e-01 -4.36133740e-01 -4.85601545e-01 -5.38939140e-01 -5.96329023e-01 -6.57957466e-01 -7.24014522e-01 -7.94694023e-01 -8.70193579e-01 -9.50714578e-01 -1.03646219e+00 -1.12764535e+00 -1.22447680e+00 -1.32717303e+00 -1.43595433e+00 -1.55104476e+00 -1.67267215e+00 -1.80106812e+00 -1.93646808e+00 -2.07911119e+00 -2.22924041e+00 -2.38710248e+00 -2.55294789e+00 -2.72703095e+00 -2.90960972e+00
0.00000000e+00 -1.57554503e-04 -6.79692194e-04 -1.64322698e-03 -3.12844294e-03 -5.21909433e-03 -8.00240558e-03 -1.15690713e-02 -1.60132563e-02 -2.14325954e-02 -2.79281940e-02 -3.56046271e-02 -4.45699405e-02 -5.49356496e-02 -6.68167403e-02 -8.03316687e-02 -9.56023609e-02 -1.12754213e-01 -1.31916092e-01 -1.53220335e-01 -1.76802748e-01 -2.02802608e-01 -2.31362663e-01 -2.62629130e-01 -2.96751697e-01 -3.33883521e-01 -3.74181230e-01 -4.17804923e-01 -4.64918167e-01 -5.15688002e-01 -5.70284936e-01 -6.28882947e-01 -6.91659485e-01 -7.58795469e-01 -8.30475288e-01 -9.06886802e-01 -9.88221340e-01 -1.07467370e+00 -1.16644216e+00 -1.26372845e+00 -1.36673779e+00 -1.47567885e+00 -1.59076379e+00 -1.71220822e+00 -1.84023124e+00 -1.97505542e+00 -2.11690677e+00 -2.26601481e+00 -2.42261250e+00 -2.58693629e+00 -2.75922608e+00
0.00000000e+00 -1.55641353e-04 -6.69752073e-04 -1.61548397e-03 -3.06915131e-03 -5.11023076e-03 -7.82136145e-03 -1.12883449e-02 -1.56001452e-02 -2.08488886e-02 -2.71298642e-02 -3.45415230e-02 -4.31854790e-02 -5.31665082e-02 -6.45925492e-02 -7.75747031e-02 -9.22272333e-02 -1.08667566e-01 -1.27016289e-01 -1.47397153e-01 -1.69937072e-01 -1.94766121e-01 -2.22017538e-01 -2.51827725e-01 -2.84336242e-01 -3.19685817e-01 -3.58022337e-01 -3.99494852e-01 -4.44255575e-01 -4.92459880e-01 -5.44266306e-01 -5.99836553e-01 -6.59335482e-01 -7.22931120e-01 -7.90794652e-01 -8.63100429e-01 -9.40025963e-01 -1.02175193e+00 -1.10846216e+00 -1.20034366e+00 -1.29758660e+00 -1.40038428e+00 -1.50893321e+00 -1.62343303e+00 -1.74408654e+00 -1.87109974e+00 -2.00468175e+00 -2.14504486e+00 -2.29240456e+00 -2.44697944e+00 -2.60899131e+00
0.00000000e+00 -1.53753750e-04 -6.59909487e-04 -1.58795040e-03 -3.01021497e-03 -5.00189694e-03 -7.64104533e-03 -1.10085645e-02 -1.51882139e-02 -2.02666085e-02 -2.63332184e-02 -3.34803691e-02 -4.18032412e-02 -5.13998707e-02 -6.23711488e-02 -7.48208222e-02 -8.88554925e-02 -1.04584617e-01 -1.22120508e-01 -1.41578333e-01 -1.63076115e-01 -1.86734732e-01 -2.12677918e-01 -2.41032261e-01 -2.71927206e-01 -3.05495052e-01 -3.41870953e-01 -3.81192919e-01 -4.23601816e-01 -4.69241363e-01 -5.18258137e-01 -5.70801569e-01 -6.27023944e-01 -6.87080405e-01 -7.51128948e-01 -8.19330425e-01 -8.91848544e-01 -9.68849867e-01 -1.05050381e+00 -1.13698265e+00 -1.22846152e+00 -1.32511839e+00 -1.42713411e+00 -1.53469237e+00 -1.64797972e+00 -1.76718556e+00 -1.89250217e+00 -2.02412464e+00 -2.16225095e+00 -2.30708194e+00 -2.45882127e+00
0.00000000e+00 -1.51890665e-04 -6.50158825e-04 -1.56061013e-03 -2.95159879e-03 -4.89402755e-03 -7.46134771e-03 -1.07295591e-02 -1.47772101e-02 -1.96853977e-02 -2.55377674e-02 -3.24205131e-02 -4.04223775e-02 -4.96346517e-02 -6.01511754e-02 -7.20683367e-02 -8.54850725e-02 -1.00502868e-01 -1.17225757e-01 -1.35760323e-01 -1.56215695e-01 -1.78703554e-01 -2.03338127e-01 -2.30236191e-01 -2.59517072e-01 -2.91302643e-01 -3.25717326e-01 -3.62888092e-01 -4.02944460e-01 -4.46018499e-01 -4.92244824e-01 -5.41760601e-01 -5.94705543e-01 -6.51221912e-01 -7.11454520e-01 -7.75550724e-01 -8.43660433e-01 -9.15936103e-01 -9.92532738e-01 -1.07360789e+00 -1.15932167e+00 -1.24983672e+00 -1.34531823e+00 -1.44593397e+00 -1.55185422e+00 -1.66325183e+00 -1.78030219e+00 -1.90318324e+00 -2.03207548e+00 -2.16716194e+00 -2.30862821e+00
0.00000000e+00 -1.50051086e-04 -6.40494447e-04 -1.53344680e-03 -2.89326692e-03 -4.78655569e-03 -7.28215602e-03 -1.04511529e-02 -1.43668735e-02 -1.91048869e-02 -2.47430044e-02 -3.13612793e-02 -3.90420069e-02 -4.78697247e-02 -5.79312122e-02 -6.93154911e-02 -8.21138251e-02 -9.64197198e-02 -1.12328923e-01 -1.29939425e-01 -1.49351457e-01 -1.70667494e-01 -1.93992252e-01 -2.19432688e-01 -2.47098004e-01 -2.77099641e-01 -3.09551284e-01 -3.44568859e-01 -3.82270535e-01 -4.22776723e-01 -4.66210076e-01 -5.12695487e-01 -5.62360095e-01 -6.15333277e-01 -6.71746656e-01 -7.31734094e-01 -7.95431695e-01 -8.62977809e-01 -9.34513023e-01 -1.01018017e+00 -1.09012432e+00 -1.17449279e+00 -1.26343515e+00 -1.35710318e+00 -1.45565093e+00 -1.55923468e+00 -1.66801297e+00 -1.78214655e+00 -1.90179844e+00 -2.02713389e+00 -2.15832040e+00
0.00000000e+00 -1.48234002e-04 -6.30910665e-04 -1.50644374e-03 -2.83518265e-03 -4.67941253e-03 -7.10335417e-03 -1.01731641e-02 -1.39569344e-02 -1.85246930e-02 -2.39484034e-02 -3.03019648e-02 -3.76612122e-02 -4.61039161e-02 -5.57097828e-02 -6.65604543e-02 -7.87395083e-02 -9.23324579e-02 -1.07426752e-01 -1.24111776e-01 -1.42478850e-01 -1.62621230e-01 -1.84634107e-01 -2.08614609e-01 -2.34661800e-01 -2.62876678e-01 -2.93362177e-01 -3.26223168e-01 -3.61566456e-01 -3.99500784e-01 -4.40136828e-01 -4.83587201e-01 -5.29966451e-01 -5.79391064e-01 -6.31979459e-01 -6.87851992e-01 -7.47130954e-01 -8.09940571e-01 -8.76407008e-01 -9.46658361e-01 -1.02082467e+00 -1.09903789e+00 -1.18143194e+00 -1.26814266e+00 -1.35930783e+00 -1.45506715e+00 -1.55556227e+00 -1.66093679e+00 -1.77133621e+00 -1.88690800e+00 -2.00780154e+00
0.00000000e+00 -1.46438411e-04 -6.21401717e-04 -1.47958393e-03 -2.77730824e-03 -4.57252704e-03 -6.92482191e-03 -9.89540362e-03 -1.35471121e-02 -1.79444166e-02 -2.31534154e-02 -2.92418361e-02 -3.62790353e-02 -4.43359990e-02 -5.34853424e-02 -6.38013096e-02 -7.53597743e-02 -8.82382391e-02 -1.02515836e-01 -1.18273326e-01 -1.35593099e-01 -1.54559175e-01 -1.75257202e-01 -1.97774458e-01 -2.22199851e-01 -2.48623917e-01 -2.77138820e-01 -3.07838356e-01 -3.40817948e-01 -3.76174649e-01 -4.14007142e-01 -4.54415738e-01 -4.97502377e-01 -5.43370629e-01 -5.92125693e-01 -6.43874398e-01 -6.98725200e-01 -7.56788186e-01 -8.18175072e-01 -8.82999203e-01 -9.51375552e-01 -1.02342072e+00 -1.09925295e+00 -1.17899209e+00 -1.26275964e+00 -1.35067872e+00 -1.44287407e+00 -1.53947208e+00 -1.64060075e+00 -1.74638972e+00 -1.85697025e+00
0.00000000e+00 -1.44663309e-04 -6.11961750e-04 -1.45284989e-03 -2.71960471e-03 -4.46582556e-03 -6.74643422e-03 -9.61767485e-03 -1.31371140e-02 -1.73636407e-02 -2.23574663e-02 -2.81801245e-02 -3.48944715e-02 -4.25646859e-02 -5.12562687e-02 -6.10360431e-02 -7.19721550e-02 -8.41340726e-02 -9.75925864e-02 -1.12419809e-01 -1.28689177e-01 -1.46475446e-01 -1.65854699e-01 -1.86904336e-01 -2.09703083e-01 -2.34330988e-01 -2.60869419e-01 -2.89401070e-01 -3.20009955e-01 -3.52781410e-01 -3.87802096e-01 -4.25159994e-01 -4.64944407e-01 -5.07245964e-01 -5.52156611e-01 -5.99769622e-01 -6.50179590e-01 -7.03482430e-01 -7.59775382e-01 -8.19157006e-01 -8.81727186e-01 -9.47587127e-01 -1.01683936e+00 -1.08958773e+00 -1.16593741e+00 -1.24599491e+00 -1.32986803e+00 -1.41766591e+00 -1.50949903e+00 -1.60547915e+00 -1.70571940e+00
0.00000000e+00 -1.42907693e-04 -6.02584787e-04 -1.42622363e-03 -2.66203165e-03 -4.35923142e-03 -6.56806056e-03 -9.33977183e-03 -1.27266331e-02 -1.67819272e-02 -2.15599523e-02 -2.71160215e-02 -3.35064631e-02 -4.07886203e-02 -4.90208517e-02 -5.82625308e-02 -6.85740462e-02 -8.00168017e-02 -9.26532160e-02 -1.06546723e-01 -1.21761772e-01 -1.38363828e-01 -1.56419368e-01 -1.75995888e-01 -1.97161897e-01 -2.19986920e-01 -2.44541496e-01 -2.70897180e-01 -2.99126542e-01 -3.29303167e-01 -3.61501655e-01 -3.95797620e-01 -4.32267694e-01 -4.70989521e-01 -5.12041763e-01 -5.55504093e-01 -6.01457205e-01 -6.49982802e-01 -7.01163606e-01 -7.55083352e-01 -8.11826792e-01 -8.71479693e-01 -9.34128834e-01 -9.99862013e-01 -1.06876804e+00 -1.14093674e+00 -1.21645896e+00 -1.29542656e+00 -1.37793240e+00 -1.46407037e+00 -1.55393538e+00
0.00000000e+00 -1.41170552e-04 -5.93264699e-04 -1.39968648e-03 -2.60454700e-03 -4.25266445e-03 -6.38956407e-03 -9.06147817e-03 -1.23153462e-02 -1.61988145e-02 -2.07602366e-02 -2.60486733e-02 -3.21138920e-02 -3.90063676e-02 -4.67772819e-02 -5.54785237e-02 -6.51626890e-02 -7.58830807e-02 -8.76937091e-02 -1.00649291e-01 -1.14805251e-01 -1.30217720e-01 -1.46943537e-01 -1.65040247e-01 -1.84566103e-01 -2.05580063e-01 -2.28141796e-01 -2.52311673e-01 -2.78150777e-01 -3.05720895e-01 -3.35084522e-01 -3.66304860e-01 -3.99445819e-01 -4.34572013e-01 -4.71748767e-01 -5.11042110e-01 -5.52518780e-01 -5.96246222e-01 -6.42292586e-01 -6.90726732e-01 -7.41618225e-01 -7.95037338e-01 -8.51055050e-01 -9.09743048e-01 -9.71173727e-01 -1.03542019e+00 -1.10255623e+00 -1.17265639e+00 -1.24579587e+00 -1.32205060e+00 -1.40149723e+00
0.00000000e+00 -1.39450863e-04 -5.83995174e-04 -1.37321907e-03 -2.54710674e-03 -4.14604047e-03 -6.21080060e-03 -8.78256555e-03 -1.19029118e-02 -1.56138139e-02 -1.99576444e-02 -2.49771741e-02 -3.07155718e-02 -3.72164042e-02 -4.45236362e-02 -5.26816309e-02 -6.17351492e-02 -7.17293503e-02 -8.27097913e-02 -9.47224276e-02 -1.07813612e-01 -1.22030097e-01 -1.37419031e-01 -1.54027962e-01 -1.71904836e-01 -1.91097995e-01 -2.11656183e-01 -2.33628538e-01 -2.57064599e-01 -2.82014301e-01 -3.08527979e-01 -3.36656365e-01 -3.66450588e-01 -3.97962178e-01 -4.31243059e-01 -4.66345558e-01 -5.03322395e-01 -5.42226693e-01 -5.83111968e-01 -6.26032138e-01 -6.71041518e-01 -7.18194820e-01 -7.67547156e-01 -8.19154033e-01 -8.73071360e-01 -9.29355441e-01 -9.88062979e-01 -1.04925108e+00 -1.11297723e+00 -1.17929934e+00 -1.24827570e+00
0.00000000e+00 -1.37747592e-04 -5.74769680e-04 -1.34680112e-03 -2.48966460e-03 -4.03927066e-03 -6.03161769e-03 -8.50279192e-03 -1.14889674e-02 -1.50264061e-02 -1.91514577e-02 -2.39005598e-02 -2.93102379e-02 -3.54171053e-02 -4.22578630e-02 -4.98693002e-02 -5.82882935e-02 -6.75518077e-02 -7.76968952e-02 -8.87606965e-02 -1.00780440e-01 -1.13793441e-01 -1.27837104e-01 -1.42948920e-01 -1.59166470e-01 -1.76527420e-01 -1.95069525e-01 -2.14830630e-01 -2.35848665e-01 -2.58161648e-01 -2.81807686e-01 -3.06824974e-01 -3.33251794e-01 -3.61126516e-01 -3.90487598e-01 -4.21373587e-01 -4.53823115e-01 -4.87874904e-01 -5.23567764e-01 -5.60940591e-01 -6.00032372e-01 -6.40882178e-01 -6.83529171e-01 -7.28012599e-01 -7.74371799e-01 -8.22646194e-01 -8.72875297e-01 -9.25098709e-01 -9.79356116e-01 -1.03568729e+00 -1.09413211e+00
0.00000000e+00 -1.36059680e-04 -5.65581419e-04 -1.32041135e-03 -2.43217171e-03 -3.93226087e-03 -5.85185330e-03 -8.22189958e-03 -1.10731264e-02 -1.44360366e-02 -1.83409091e-02 -2.28177988e-02 -2.78965371e-02 -3.36067311e-02 -3.99777642e-02 -4.70387959e-02 -5.48187618e-02 -6.33463736e-02 -7.26501192e-02 -8.27582624e-02 -9.36988434e-02 -1.05499678e-01 -1.18188359e-01 -1.31792255e-01 -1.46338510e-01 -1.61854044e-01 -1.78365555e-01 -1.95899516e-01 -2.14482174e-01 -2.34139556e-01 -2.54897462e-01 -2.76781470e-01 -2.99816934e-01 -3.24028982e-01 -3.49442520e-01 -3.76082231e-01 -4.03972572e-01 -4.33137776e-01 -4.63601855e-01 -4.95388594e-01 -5.28521555e-01 -5.63024078e-01 -5.98919276e-01 -6.36230041e-01 -6.74979038e-01 -7.15188711e-01 -7.56881279e-01 -8.00078738e-01 -8.44802857e-01 -8.91075185e-01 -9.38917045e-01
0.00000000e+00 -1.34386046e-04 -5.56423284e-04 -1.29402729e-03 -2.37457624e-03 -3.82491084e-03 -5.67133443e-03 -7.93961288e-03 -1.06549747e-02 -1.38421108e-02 -1.75251750e-02 -2.17277833e-02 -2.64730146e-02 -3.17834102e-02 -3.76809741e-02 -4.41871727e-02 -5.13229351e-02 -5.91086530e-02 -6.75641806e-02 -7.67088347e-02 -8.65613948e-02 -9.71401027e-02 -1.08462663e-01 -1.20546243e-01 -1.33407472e-01 -1.47062443e-01 -1.61526710e-01 -1.76815291e-01 -1.92942665e-01 -2.09922776e-01 -2.27769029e-01 -2.46494290e-01 -2.66110892e-01 -2.86630626e-01 -3.08064747e-01 -3.30423975e-01 -3.53718489e-01 -3.77957933e-01 -4.03151413e-01 -4.29307497e-01 -4.56434215e-01 -4.84539062e-01 -5.13628993e-01 -5.43710427e-01 -5.74789245e-01 -6.06870792e-01 -6.39959873e-01 -6.74060758e-01 -7.09177177e-01 -7.45312326e-01 -7.82468861e-01
0.00000000e+00 -1.32725574e-04 -5.47287800e-04 -1.26762511e-03 -2.31682284e-03 -3.71711325e-03 -5.48987547e-03 -7.65563557e-03 -1.02340665e-02 -1.32439882e-02 -1.67033673e-02 -2.06293176e-02 -2.50380996e-02 -2.99451209e-02 -3.53649358e-02 -4.13112457e-02 -4.77968987e-02 -5.48338900e-02 -6.24333616e-02 -7.06056024e-02 -7.93600482e-02 -8.87052819e-02 -9.86490330e-02 -1.09198178e-01 -1.20358741e-01 -1.32135891e-01 -1.44533946e-01 -1.57556371e-01 -1.71205776e-01 -1.85483919e-01 -2.00391706e-01 -2.15929187e-01 -2.32095563e-01 -2.48889177e-01 -2.66307523e-01 -2.84347241e-01 -3.03004116e-01 -3.22273083e-01 -3.42148220e-01 -3.62622755e-01 -3.83689062e-01 -4.05338662e-01 -4.27562222e-01 -4.50349558e-01 -4.73689630e-01 -4.97570548e-01 -5.21979566e-01 -5.46903088e-01 -5.72326662e-01 -5.98234984e-01 -6.24611897e-01
0.00000000e+00 -1.31077108e-04 -5.38167061e-04 -1.24117935e-03 -2.25885222e-03 -3.60875265e-03 -5.30727633e-03 -7.36964774e-03 -9.80992007e-03 -1.26409752e-02 -1.58745239e-02 -1.95211056e-02 -2.35900883e-02 -2.80896689e-02 -3.30268732e-02 -3.84075555e-02 -4.42363988e-02 -5.05169151e-02 -5.72514449e-02 -6.44411575e-02 -7.20860511e-02 -8.01849523e-02 -8.87355169e-02 -9.77342290e-02 -1.07176402e-01 -1.17056177e-01 -1.27366524e-01 -1.38099244e-01 -1.49244964e-01 -1.60793141e-01 -1.72732060e-01 -1.85048836e-01 -1.97729410e-01 -2.10758556e-01 -2.24119874e-01 -2.37795792e-01 -2.51767568e-01 -2.66015290e-01 -2.80517872e-01 -2.95253059e-01 -3.10197424e-01 -3.25326367e-01 -3.40614120e-01 -3.56033742e-01 -3.71557120e-01 -3.87154971e-01 -4.02796840e-01 -4.18451101e-01 -4.34084957e-01 -4.50164133e-01 -4.66600756e-01
0.00000000e+00 -1.29439442e-04 -5.29052655e-04 -1.21466273e-03 -2.20060043e-03 -3.49970421e-03 -5.12332021e-03 -7.08130222e-03 -9.38201174e-03 -1.20323179e-02 -1.50375977e-02 -1.84017355e-02 -2.21271235e-02 -2.62146618e-02 -3.06637577e-02 -3.54723266e-02 -4.06367915e-02 -4.61520829e-02 -5.20116390e-02 -5.82074060e-02 -6.47298374e-02 -7.15678946e-02 -7.87090465e-02 -8.61392699e-02 -9.38430492e-02 -1.01803376e-01 -1.10001751e-01 -1.18418181e-01 -1.27031181e-01 -1.35817774e-01 -1.44753490e-01 -1.53812367e-01 -1.62966952e-01 -1.72272566e-01 -1.81909290e-01 -1.91616949e-01 -2.01367844e-01 -2.11132995e-01 -2.20882145e-01 -2.30583755e-01 -2.40371478e-01 -2.50630264e-01 -2.61282168e-01 -2.71924879e-01 -2.82532587e-01 -2.93078564e-01 -3.03535164e-01 -3.13873826e-01 -3.24065070e-01 -3.34687138e-01 -3.45424201e-01
0.00000000e+00 -1.27811311e-04 -5.19935578e-04 -1.18804577e-03 -2.14199815e-03 -3.38983226e-03 -4.93777094e-03 -6.79022030e-03 -8.94976975e-03 -1.14171920e-02 -1.41914430e-02 -1.72696620e-02 -2.06471717e-02 -2.43174778e-02 -2.82722695e-02 -3.25014192e-02 -3.69929826e-02 -4.17331987e-02 -4.67064898e-02 -5.18954615e-02 -5.72809026e-02 -6.28417852e-02 -6.85552649e-02 -7.44688040e-02 -8.05853373e-02 -8.68171591e-02 -9.31391796e-02 -9.95247495e-02 -1.06148785e-01 -1.12855626e-01 -1.19698672e-01 -1.26764278e-01 -1.34111607e-01 -1.41885433e-01 -1.49769321e-01 -1.57902998e-01 -1.66410898e-01 -1.75053369e-01 -1.83819103e-01 -1.92696344e-01 -2.01672893e-01 -2.10944208e-01 -2.21359657e-01 -2.32026080e-01 -2.42943478e-01 -2.54111851e-01 -2.65531198e-01 -2.77201520e-01 -2.89122817e-01 -3.01295088e-01 -3.13718334e-01
0.00000000e+00 -1.26191376e-04 -5.10806133e-04 -1.16129652e-03 -2.08296985e-03 -3.27898851e-03 -4.75036997e-03 -6.49598676e-03 -8.51256649e-03 -1.07946918e-02 -1.33348005e-02 -1.61231854e-02 -1.91479944e-02 -2.23952304e-02 -2.58487515e-02 -2.94902708e-02 -3.33335403e-02 -3.73674425e-02 -4.15482969e-02 -4.60137051e-02 -5.08095711e-02 -5.57968303e-02 -6.09647744e-02 -6.63019433e-02 -7.17961255e-02 -7.78140470e-02 -8.41636733e-02 -9.07623045e-02 -9.76099406e-02 -1.04706582e-01 -1.12052228e-01 -1.19646879e-01 -1.27490535e-01 -1.35583196e-01 -1.43924861e-01 -1.52515532e-01 -1.61355208e-01 -1.70443889e-01 -1.79781574e-01 -1.89368265e-01 -1.99203960e-01 -2.09288661e-01 -2.19622366e-01 -2.30205077e-01 -2.41036792e-01 -2.52117512e-01 -2.63447238e-01 -2.75025968e-01 -2.86853703e-01 -2.98930443e-01 -3.11256188e-01
0.00000000e+00 -1.24578216e-04 -5.01653804e-04 -1.13438004e-03 -2.02343268e-03 -3.16700998e-03 -4.56083265e-03 -6.19814391e-03 -8.06970945e-03 -1.01638175e-02 -1.25073742e-02 -1.50861458e-02 -1.78825390e-02 -2.08957697e-02 -2.42131580e-02 -2.77957171e-02 -3.16253493e-02 -3.57020545e-02 -4.00258327e-02 -4.45966840e-02 -4.94146083e-02 -5.44796056e-02 -5.97916760e-02 -6.53508194e-02 -7.11570359e-02 -7.72103254e-02 -8.35106880e-02 -9.00581236e-02 -9.68526322e-02 -1.03894214e-01 -1.11182869e-01 -1.18718596e-01 -1.26501397e-01 -1.34531271e-01 -1.42808218e-01 -1.51332238e-01 -1.60103331e-01 -1.69121497e-01 -1.78386736e-01 -1.87899048e-01 -1.97658433e-01 -2.07664891e-01 -2.17918422e-01 -2.28419027e-01 -2.39166704e-01 -2.50161454e-01 -2.61403278e-01 -2.72892174e-01 -2.84628144e-01 -2.96611186e-01 -3.08841302e-01
0.00000000e+00 -1.22970302e-04 -4.92467114e-04 -1.10762998e-03 -1.96804401e-03 -3.07054380e-03 -4.41321241e-03 -6.00687245e-03 -7.84571096e-03 -9.92972793e-03 -1.22589234e-02 -1.48332973e-02 -1.76528497e-02 -2.07175805e-02 -2.40274898e-02 -2.75825776e-02 -3.13828438e-02 -3.54282886e-02 -3.97189117e-02 -4.42547134e-02 -4.90356935e-02 -5.40618521e-02 -5.93331891e-02 -6.48497047e-02 -7.06113986e-02 -7.66182711e-02 -8.28703220e-02 -8.93675514e-02 -9.61099593e-02 -1.03097546e-01 -1.10330310e-01 -1.17808254e-01 -1.25531375e-01 -1.33499676e-01 -1.41713154e-01 -1.50171811e-01 -1.58875647e-01 -1.67824661e-01 -1.77018854e-01 -1.86458225e-01 -1.96142774e-01 -2.06072502e-01 -2.16247408e-01 -2.26667493e-01 -2.37332757e-01 -2.48243198e-01 -2.59398819e-01 -2.70799617e-01 -2.82445595e-01 -2.94336750e-01 -3.06473084e-01
0.00000000e+00 -1.21660408e-04 -4.86641632e-04 -1.09494367e-03 -1.94656653e-03 -3.04151020e-03 -4.37977469e-03 -5.96135999e-03 -7.78626611e-03 -9.85449305e-03 -1.21660408e-02 -1.47209094e-02 -1.75190988e-02 -2.05606090e-02 -2.38454400e-02 -2.73735918e-02 -3.11450645e-02 -3.51598579e-02 -3.94179722e-02 -4.39194073e-02 -4.86641632e-02 -5.36522399e-02 -5.88836375e-02 -6.43583558e-02 -7.00763950e-02 -7.60377550e-02 -8.22424358e-02 -8.86904374e-02 -9.53817599e-02 -5.91310192e-01 -1.43015134e+00 -2.57659442e+00 -4.10365539e+00 -6.09675741e+00 -8.65524601e+00 -1.18940317e+01 -1.59453664e+01 -2.09607608e+01 -2.74062003e+01 -3.67466467e+01 -4.81920688e+01 -6.20942997e+01 -7.88495422e+01 -9.89025042e+01 -1.22750804e+02 -1.50949655e+02 -1.84116846e+02 -2.22938019e+02 -2.68172267e+02 -3.20658057e+02 -3.81319490e+02
0.00000000e+00 -1.20749869e-04 -4.82999474e-04 -1.08674882e-03 -1.93199790e-03 -3.01874671e-03 -4.34699527e-03 -5.91674356e-03 -7.72799159e-03 -9.78073935e-03 -1.20749869e-02 -1.46107341e-02 -1.73879811e-02 -2.04067278e-02 -2.36669742e-02 -2.71687204e-02 -3.09119664e-02 -3.48967120e-02 -3.91229574e-02 -4.35907026e-02 -4.82999474e-02 -5.32506920e-02 -2.39871337e-01 -5.82943693e-01 -1.13014745e+00 -2.22257120e+00 -3.76469592e+00 -5.88142070e+00 -8.72274302e+00 -1.24673990e+01 -1.73268682e+01 -2.35497654e+01 -3.14266430e+01 -4.12952282e+01 -5.35461184e+01 -6.86289624e+01 -8.70591509e+01 -1.09425045e+02 -1.36395768e+02 -1.68729592e+02 -2.07282941e+02 -2.53020053e+02 -3.07023310e+02 -3.70504291e+02 -4.44815560e+02 -5.31463231e+02 -6.32120339e+02 -7.48641054e+02 -8.83075762e+02 -1.03768706e+03 -1.21496671e+03
0.00000000e+00 -1.19857475e-04 -4.79429898e-04 -1.07871727e-03 -1.91771959e-03 -2.99643686e-03 -4.31486909e-03 -5.87301625e-03 -7.67087837e-03 -9.70845544e-03 -1.19857475e-02 -1.45027544e-02 -1.72594763e-02 -2.02559132e-02 -2.34920650e-02 -2.69679318e-02 -3.06835135e-02 -3.46388102e-02 -4.36243280e-02 -1.90249975e-01 -5.32126268e-01 -1.13388668e+00 -2.03134430e+00 -3.32203908e+00 -5.12664557e+00 -7.59291167e+00 -1.09000585e+01 -1.52636745e+01 -2.09411384e+01 -2.82376071e+01 -3.75126050e+01 -4.91872521e+01 -6.37521720e+01 -8.17761170e+01 -1.03915355e+02 -1.30923859e+02 -1.63664341e+02 -2.03120178e+02 -2.50408280e+02 -3.06792932e+02 -3.73700679e+02 -4.52736286e+02 -5.45699833e+02 -6.54604993e+02 -7.81698546e+02 -9.29481188e+02 -1.10072968e+03 -1.29852040e+03 -1.52625436e+03 -1.78768373e+03 -2.08693995e+03
0.00000000e+00 -1.18983122e-04 -4.75932489e-04 -1.07084810e-03 -1.90372996e-03 -2.97457806e-03 -4.28339240e-03 -5.83017299e-03 -7.61491982e-03 -9.63763290e-03 -1.18983122e-02 -1.43969578e-02 -1.71335696e-02 -2.01081477e-02 -2.33206920e-02 -2.67712025e-02 -3.26854074e-02 -1.47698240e-01 -4.44277742e-01 -9.22589662e-01 -1.65399563e+00 -2.72960167e+00 -4.26413063e+00 -6.40031203e+00 -9.31383181e+00 -1.32188863e+01 -1.83743863e+01 -2.50908578e+01 -3.37380906e+01 -4.47535828e+01 -5.86518354e+01 -7.60345509e+01 -9.76017902e+01 -1.24164147e+02 -1.56655996e+02 -1.96149879e+02 -2.43872089e+02 -3.01219513e+02 -3.69777804e+02 -4.51340952e+02 -5.47932310e+02 -6.61827157e+02 -7.95576868e+02 -9.52034765e+02 -1.13438371e+03 -1.34616555e+03 -1.59131245e+03 -1.87418022e+03 -2.19958375e+03 -2.57283453e+03 -2.99978048e+03
0.00000000e+00 -1.18126748e-04 -4.72506994e-04 -1.06314074e-03 -1.89002797e-03 -2.95316871e-03 -4.25256294e-03 -5.78821067e-03 -7.56011190e-03 -9.56826662e-03 -1.18126748e-02 -1.42933366e-02 -1.70102518e-02 -1.99634205e-02 -2.31528427e-02 -5.14983688e-02 -2.11721876e-01 -5.11150375e-01 -9.94187233e-01 -1.73548251e+00 -2.83126138e+00 -4.40375677e+00 -6.60626292e+00 -9.62886341e+00 -1.37048893e+01 -1.91181655e+01 -2.62111045e+01 -3.53937113e+01 -4.71535614e+01 -6.20668214e+01 -8.08103776e+01 -1.04175146e+02 -1.33080634e+02 -1.68590834e+02 -2.11931518e+02 -2.64509020e+02 -3.27930584e+02 -4.04026366e+02 -4.94873161e+02 -6.02819972e+02 -7.30515474e+02 -8.80937501e+02 -1.05742462e+03 -1.26370992e+03 -1.50395708e+03 -1.78279885e+03 -2.10537799e+03 -2.47739091e+03 -2.90513393e+03 -3.39555237e+03 -3.95629267e+03
0.00000000e+00 -1.17288335e-04 -4.69153339e-04 -1.05559501e-03 -1.87661336e-03 -2.93220837e-03 -4.22238005e-03 -5.74712841e-03 -7.50645343e-03 -9.50035512e-03 -1.17288335e-02 -1.41918885e-02 -1.68895202e-02 -1.98217286e-02 -4.47176685e-02 -1.92529580e-01 -4.57752575e-01 -8.93290137e-01 -1.57214839e+00 -2.58957912e+00 -4.06789136e+00 -6.16197128e+00 -9.06557453e+00 -1.30184578e+01 -1.83144187e+01 -2.53103172e+01 -3.44361519e+01 -4.62062702e+01 -6.12317916e+01 -8.02343281e+01 -1.04061086e+02 -1.33701439e+02 -1.70305063e+02 -2.15201725e+02 -2.69922827e+02 -3.36224799e+02 -4.16114441e+02 -5.11876333e+02 -6.26102401e+02 -7.61723759e+02 -9.22044944e+02 -1.11078065e+03 -1.33209507e+03 -1.59064403e+03 -1.89161990e+03 -2.24079960e+03 -2.64459564e+03 -3.11011046e+03 -3.64519415e+03 -4.25850567e+03 -4.95957777e+03
0.00000000e+00 -1.16467914e-04 -4.65871655e-04 -1.04821122e-03 -1.86348662e-03 -2.91169784e-03 -4.19284489e-03 -5.70692777e-03 -7.45394647e-03 -9.43390100e-03 -1.16467914e-02 -1.40926176e-02 -1.67713796e-02 -2.90383709e-02 -1.40124211e-01 -3.54337665e-01 -7.16828712e-01 -1.29550216e+00 -2.18024159e+00 -3.48793684e+00 -5.36829143e+00 -8.01048403e+00 -1.16507614e+01 -1.65810434e+01 -2.31586242e+01 -3.18170567e+01 -4.30783104e+01 -5.75662975e+01 -7.60218630e+01 -9.93193400e+01 -1.28484773e+02 -1.64715919e+02 -2.09404128e+02 -2.64158232e+02 -3.30830538e+02 -4.11545069e+02 -5.08728154e+02 -6.25141508e+02 -7.63917927e+02 -9.28599727e+02 -1.12318008e+03 -1.35214735e+03 -1.62053263e+03 -1.93396056e+03 -2.29870363e+03 -2.72174008e+03 -3.21081560e+03 -3.77450892e+03 -4.42230153e+03 -5.16465163e+03 -6.01307257e+03
0.00000000e+00 -1.15665574e-04 -4.62662294e-04 -1.04099016e-03 -1.85064918e-03 -2.89163934e-03 -4.16396065e-03 -5.66761311e-03 -7.40259671e-03 -9.36891146e-03 -1.15665574e-02 -1.39955344e-02 -1.66558426e-02 -8.32442215e-02 -2.42975758e-01 -5.25018682e-01 -9.89950710e-01 -1.71932774e+00 -2.82078230e+00 -4.43395805e+00 -6.73736405e+00 -9.95623615e+00 -1.43714971e+01 -2.03299106e+01 -2.82555283e+01 -3.86625329e+01 -5.21695843e+01 -6.95157798e+01 -9.15783422e+01 -1.19392156e+02 -1.54171270e+02 -1.97332502e+02 -2.50521261e+02 -3.15639737e+02 -3.94877585e+02 -4.90745245e+02 -6.06110061e+02 -7.44235314e+02 -9.08822366e+02 -1.10405603e+03 -1.33465337e+03 -1.60591603e+03 -1.92378637e+03 -2.29490745e+03 -2.72668716e+03 -3.22736657e+03 -3.80609278e+03 -4.47299636e+03 -5.23927372e+03 -6.11727440e+03 -7.12059368e+03
0.00000000e+00 -1.14881468e-04 -4.59525872e-04 -1.03393321e-03 -1.83810349e-03 -2.87203670e-03 -4.13573285e-03 -5.62919193e-03 -7.35241395e-03 -9.30539890e-03 -1.14881468e-02 -1.39006576e-02 -3.61558436e-02 -1.45983370e-01 -3.51679447e-01 -7.05276270e-01 -1.27823459e+00 -2.16648611e+00 -3.49635300e+00 -5.43143706e+00 -8.18057570e+00 -1.20069664e+01 -1.72385657e+01 -2.42798734e+01 -3.36252171e+01 -4.58736573e+01 -6.17456359e+01 -8.21014982e+01 -1.07962021e+02 -1.40531087e+02 -1.81220636e+02 -2.31678067e+02 -2.93816203e+02 -3.69846013e+02 -4.62312224e+02 -5.74132006e+02 -7.08636882e+02 -8.69618054e+02 -1.06137531e+03 -1.28876972e+03 -1.55728024e+03 -1.87306452e+03 -2.24302404e+03 -2.67487377e+03 -3.17721659e+03 -3.75962272e+03 -4.43271424e+03 -5.20825505e+03 -6.09924651e+03 -7.12002877e+03 -8.28638836e+03
0.00000000e+00 -1.14115824e-04 -4.56463296e-04 -1.02704242e-03 -1.82585318e-03 -2.85289560e-03 -4.10816966e-03 -5.59167537e-03 -7.30341273e-03 -9.24338174e-03 -1.14115824e-02 -1.38080147e-02 -7.25120781e-02 -2.12441565e-01 -4.66714481e-01 -8.95896990e-01 -1.58292787e+00 -2.63889896e+00 -4.20984002e+00 -6.48461409e+00 -9.70403461e+00 -1.41713210e+01 -2.02640142e+01 -2.84474788e+01 -3.92901246e+01 -5.34804838e+01 -7.18462871e+01 -9.53756854e+01 -1.25240771e+02 -1.62823555e+02 -2.09744566e+02 -2.67894233e+02 -3.39467239e+02 -4.27000002e+02 -5.33411493e+02 -6.62047560e+02 -8.16728959e+02 -1.00180330e+03 -1.22220109e+03 -1.48349612e+03 -1.79197036e+03 -2.15468362e+03 -2.57954824e+03 -3.07540889e+03 -3.65212791e+03 -4.32067631e+03 -5.09323069e+03 -5.98327637e+03 -7.00571692e+03 -8.17699047e+03 -9.51519289e+03
0.00000000e+00 -1.13368955e-04 -4.53475818e-04 -1.02032059e-03 -1.81390327e-03 -2.83422386e-03 -4.08128236e-03 -5.55507877e-03 -7.25561309e-03 -9.18288532e-03 -1.13368955e-02 -2.35602734e-02 -1.11125279e-01 -2.82932486e-01 -5.88617550e-01 -1.09776189e+00 -1.90542798e+00 -3.13871882e+00 -4.96447618e+00 -7.59823793e+00 -1.13145809e+01 -1.64589810e+01 -2.34613299e+01 -3.28512502e+01 -4.52753608e+01 -6.15166476e+01 -8.25161009e+01 -1.09396786e+02 -1.43490526e+02 -1.86367363e+02 -2.39868001e+02 -3.06139407e+02 -3.87673772e+02 -4.87351040e+02 -6.08485200e+02 -7.54874572e+02 -9.30856300e+02 -1.14136527e+03 -1.39199770e+03 -1.68907965e+03 -2.03974064e+03 -2.45199268e+03 -2.93481500e+03 -3.49824464e+03 -4.15347323e+03 -4.91295022e+03 -5.79049293e+03 -6.80140348e+03 -7.96259314e+03 -9.29271424e+03 -1.08123000e+04
0.00000000e+00 -1.12641273e-04 -4.50565090e-04 -1.01377145e-03 -1.80226036e-03 -2.81603181e-03 -4.05508581e-03 -5.51942235e-03 -7.20904144e-03 -9.12394308e-03 -1.12641273e-02 -4.45556005e-02 -1.52190657e-01 -3.57807992e-01 -7.17990959e-01 -1.31185997e+00 -2.24730371e+00 -3.66836218e+00 -5.76389052e+00 -8.77763902e+00 -1.30198915e+01 -1.88808109e+01 -2.68456472e+01 -3.75119702e+01 -5.16090953e+01 -7.00198780e+01 -9.38050586e+01 -1.24230346e+02 -1.62796438e+02 -2.11272170e+02 -2.71731022e+02 -3.46591169e+02 -4.38659328e+02 -5.51178602e+02 -6.87880578e+02 -8.53041905e+02 -1.05154561e+03 -1.28894742e+03 -1.57154728e+03 -1.90646646e+03 -2.30173043e+03 -2.76635777e+03 -3.31045551e+03 -3.94532110e+03 -4.68355131e+03 -5.53915844e+03 -6.52769411e+03 -7.66638091e+03 -8.97425236e+03 -1.04723013e+04 -1.21836374e+04
0.00000000e+00 -1.11933308e-04 -4.47733234e-04 -1.00739978e-03 -1.79093294e-03 -2.79833271e-03 -4.02959910e-03 -5.48473211e-03 -7.16373174e-03 -9.06659799e-03 -1.11933308e-02 -6.69548967e-02 -1.95927372e-01 -4.37463590e-01 -8.55512183e-01 -1.53930405e+00 -2.61032056e+00 -4.23054866e+00 -6.61216724e+00 -1.00288158e+01 -1.48286050e+01 -2.14490342e+01 -3.04339916e+01 -4.24530160e+01 -5.83230107e+01 -7.90326040e+01 -1.05769361e+02 -1.39950058e+02 -1.83254233e+02 -2.37661246e+02 -3.05491076e+02 -3.89449102e+02 -4.92675097e+02 -6.18796727e+02 -7.71987774e+02 -9.57031388e+02 -1.17938863e+03 -1.44527259e+03 -1.76172837e+03 -2.13671926e+03 -2.57921939e+03 -3.09931313e+03 -3.70830164e+03 -4.41881691e+03 -5.24494350e+03 -6.20234843e+03 -7.30841961e+03 -8.58241301e+03 -1.00456091e+04 -1.17214789e+04 -1.36358598e+04
0.00000000e+00 -1.11245732e-04 -4.44982929e-04 -1.00121159e-03 -1.77993172e-03 -2.78114331e-03 -4.00484636e-03 -5.45104088e-03 -7.11972687e-03 -9.01090431e-03 -1.72086952e-02 -9.08854519e-02 -2.42581998e-01 -5.22344973e-01 -1.00194534e+00 -1.78134990e+00 -2.99647129e+00 -4.82834833e+00 -7.51391689e+00 -1.13585397e+01 -1.67504720e+01 -2.41774470e+01 -3.42455766e+01 -4.77007654e+01 -6.54528516e+01 -8.86026893e+01 -1.18472401e+02 -1.56639034e+02 -2.04971860e+02 -2.65673580e+02 -3.41325675e+02 -4.34938193e+02 -5.50004225e+02 -6.90559373e+02 -8.61246491e+02 -1.06738601e+03 -1.31505212e+03 -1.61115522e+03 -1.96353081e+03 -2.38103533e+03 -2.87364912e+03 -3.45258703e+03 -4.13041683e+03 -4.92118601e+03 -5.84055715e+03 -6.90595239e+03 -8.13670727e+03 -9.55423445e+03 -1.11821976e+04 -1.30466961e+04 -1.51764606e+04
0.00000000e+00 -1.10579381e-04 -4.42317525e-04 -9.95214432e-04 -1.76927010e-03 -2.76448453e-03 -3.98085773e-03 -5.41838968e-03 -7.07708040e-03 -8.95692988e-03 -2.91614633e-02 -1.16490359e-01 -2.92432769e-01 -6.12956113e-01 -1.15815551e+00 -2.03942019e+00 -3.40801446e+00 -5.46524138e+00 -8.47436633e+00 -1.27744871e+01 -1.87965456e+01 -2.70816870e+01 -3.83021781e+01 -5.32851109e+01 -7.30391205e+01 -9.87843609e+01 -1.31985988e+02 -1.74391410e+02 -2.28071574e+02 -2.95466565e+02 -3.79435807e+02 -4.83313165e+02 -6.10967238e+02 -7.66867187e+02 -9.56154384e+02 -1.18472025e+03 -1.45929060e+03 -1.78751687e+03 -2.17807453e+03 -2.64076916e+03 -3.18665042e+03 -3.82813446e+03 -4.57913506e+03 -5.45520389e+03 -6.47368043e+03 -7.65385185e+03 -9.01712333e+03 -1.05871993e+04 -1.23902758e+04 -1.44552451e+04 -1.68139123e+04
0.00000000e+00 -1.09935296e-04 -4.39741185e-04 -9.89417667e-04 -1.75896474e-03 -2.74838241e-03 -3.95767067e-03 -5.38682952e-03 -7.03585896e-03 -8.90475900e-03 -4.19946319e-02 -1.43931044e-01 -3.45795143e-01 -7.09870017e-01 -1.32512791e+00 -2.31513677e+00 -3.84752629e+00 -6.14519882e+00 -9.49948058e+00 -1.42854189e+01 -2.09794409e+01 -3.01796000e+01 -4.26286450e+01 -5.92401591e+01 -8.11280238e+01 -1.09639475e+02 -1.46392025e+02 -1.93314541e+02 -2.52692774e+02 -3.27219642e+02 -4.20050590e+02 -5.34864350e+02 -6.75929438e+02 -8.48176733e+02 -1.05727851e+03 -1.30973424e+03 -1.61296366e+03 -1.97540733e+03 -2.40663517e+03 -2.91746346e+03 -3.52008052e+03 -4.22818170e+03 -5.05711399e+03 -6.02403076e+03 -7.14805702e+03 -8.45046580e+03 -9.95486597e+03 -1.16874021e+04 -1.36769667e+04 -1.59554259e+04 -1.85578579e+04
0.00000000e+00 -1.09314772e-04 -4.37259086e-04 -9.83832944e-04 -1.74903634e-03 -2.73286929e-03 -3.93533178e-03 -5.35642381e-03 -6.99614538e-03 -8.85449650e-03 -5.57915167e-02 -1.73390910e-01 -4.03029948e-01 -8.13744626e-01 -1.50399639e+00 -2.61036886e+00 -4.31797863e+00 -6.87280403e+00 -1.05961468e+01 -1.59014523e+01 -2.33137264e+01 -3.34917961e+01 -4.72536735e+01 -6.56052947e+01 -8.97729139e+01 -1.21239445e+02 -1.61785058e+02 -2.13532338e+02 -2.78996341e+02 -3.61139879e+02 -4.63434382e+02 -5.89926699e+02 -7.45312207e+02 -9.35014608e+02 -1.16527281e+03 -1.44323530e+03 -1.77706240e+03 -2.17603686e+03 -2.65068325e+03 -3.21289646e+03 -3.87608004e+03 -4.65529448e+03 -5.56741630e+03 -6.63130813e+03 -7.86800047e+03 -9.30088554e+03 -1.09559239e+04 -1.28618640e+04 -1.50504759e+04 -1.75567989e+04 -2.04194043e+04
0.00000000e+00 -1.08719432e-04 -4.34877730e-04 -9.78474892e-04 -1.73951092e-03 -2.71798581e-03 -3.91389957e-03 -5.32725219e-03 -6.95804368e-03 -9.91826976e-03 -7.06465026e-02 -2.05081525e-01 -4.64557303e-01 -9.25350102e-01 -1.69609261e+00 -2.92731640e+00 -4.82287398e+00 -7.65346382e+00 -1.17724943e+01 -1.76345342e+01 -2.58166100e+01 -3.70426222e+01 -5.22111653e+01 -7.24270475e+01 -9.90368198e+01 -1.33668635e+02 -1.78276769e+02 -2.35191155e+02 -3.07172274e+02 -3.97471795e+02 -5.09899322e+02 -6.48895657e+02 -8.19612983e+02 -1.02800238e+03 -1.28090913e+03 -1.58617616e+03 -1.95275629e+03 -2.39083344e+03 -2.91195361e+03 -3.52916585e+03 -4.25717388e+03 -5.11249888e+03 -6.11365384e+03 -7.28133014e+03 -8.63859695e+03 -1.02111138e+04 -1.20273572e+04 -1.41188616e+04 -1.65204753e+04 -1.92706327e+04 -2.24116419e+04
0.00000000e+00 -1.08151381e-04 -4.32605524e-04 -9.73362429e-04 -1.73042210e-03 -2.70378452e-03 -3.89344972e-03 -5.29941767e-03 -6.92168838e-03 -1.59429977e-02 -8.66694616e-02 -2.39255332e-01 -5.30884832e-01 -1.04562386e+00 -1.90304490e+00 -3.26867780e+00 -5.36651757e+00 -8.49383405e+00 -1.30385413e+01 -1.94993983e+01 -2.85093250e+01 -4.08621332e+01 -5.75429816e+01 -7.97628820e+01 -1.08997593e+02 -1.47031252e+02 -1.96005117e+02 -2.58471782e+02 -3.37455274e+02 -4.36517428e+02 -5.59830952e+02 -7.12259632e+02 -8.99446100e+02 -1.12790764e+03 -1.40514049e+03 -1.73973316e+03 -2.14148917e+03 -2.62155987e+03 -3.19258774e+03 -3.86886072e+03 -4.66647823e+03 -5.60352929e+03 -6.70028348e+03 -7.97939514e+03 -9.46612162e+03 -1.11885561e+04 -1.31778754e+04 -1.54686041e+04 -1.80988947e+04 -2.11108251e+04 -2.45507142e+04
0.00000000e+00 -1.07613533e-04 -4.30454133e-04 -9.68521800e-04 -1.72181653e-03 -2.69033833e-03 -3.87408720e-03 -5.27306313e-03 -6.88726613e-03 -2.29423923e-02 -1.03997186e-01 -2.76236279e-01 -6.02673898e-01 -1.17579820e+00 -2.12700633e+00 -3.63803526e+00 -5.95464111e+00 -9.40279465e+00 -1.44076748e+01 -2.15157567e+01 -3.14203064e+01 -4.49906064e+01 -6.33052542e+01 -8.76898877e+01 -1.19759708e+02 -1.61467183e+02 -2.15155331e+02 -2.83616998e+02 -3.70160555e+02 -4.78682463e+02 -6.13747153e+02 -7.80674709e+02 -9.85636817e+02 -1.23576151e+03 -1.53924718e+03 -1.90548649e+03 -2.34520053e+03 -2.87058404e+03 -3.49546204e+03 -4.23545860e+03 -5.10817831e+03 -6.13340102e+03 -7.33329058e+03 -8.73261812e+03 -1.03590007e+04 -1.22431556e+04 -1.44191717e+04 -1.69247977e+04 -1.98017489e+04 -2.30960321e+04 -2.68582907e+04
0.00000000e+00 -1.07110564e-04 -4.28442257e-04 -9.63995077e-04 -1.71376903e-03 -2.67776410e-03 -3.85598031e-03 -5.24841764e-03 -6.85507610e-03 -3.05123398e-02 -1.22826688e-01 -3.16502587e-01 -6.80913056e-01 -1.31772907e+00 -2.37123612e+00 -4.04083122e+00 -6.59597666e+00 -1.03939026e+01 -1.59003669e+01 -2.37137957e+01 -3.45931461e+01 -4.94898454e+01 -6.95841794e+01 -9.63265193e+01 -1.31483788e+02 -1.77191588e+02 -2.36012426e+02 -3.11000489e+02 -4.05773429e+02 -5.24591654e+02 -6.72445619e+02 -8.55151628e+02 -1.07945668e+03 -1.35315293e+03 -1.68520227e+03 -2.08587167e+03 -2.56687986e+03 -3.14155596e+03 -3.82501061e+03 -4.63432044e+03 -5.58872627e+03 -6.70984600e+03 -8.02190261e+03 -9.55196823e+03 -1.13302247e+04 -1.33902419e+04 -1.57692736e+04 -1.85085731e+04 -2.16537276e+04 -2.52550144e+04 -2.93677766e+04
0.00000000e+00 -1.06651943e-04 -4.26607771e-04 -9.59867486e-04 -1.70643109e-03 -2.66629857e-03 -3.83946994e-03 -5.22594520e-03 -6.82572434e-03 -3.87581808e-02 -1.43521130e-01 -3.60931491e-01 -7.67412886e-01 -1.47481441e+00 -2.64170202e+00 -4.48703439e+00 -7.30652531e+00 -1.14920121e+01 -1.75541674e+01 -2.61489075e+01 -3.81078715e+01 -5.44733577e+01 -7.65381266e+01 -1.05890493e+02 -1.44465148e+02 -1.94600177e+02 -2.59100737e+02 -3.41309900e+02 -4.45187169e+02 -5.75395195e+02 -7.37395239e+02 -9.37551950e+02 -1.18324803e+03 -1.48300942e+03 -1.84664152e+03 -2.28537724e+03 -2.81203739e+03 -3.44120417e+03 -4.18940834e+03 -5.07533088e+03 -6.12001990e+03 -7.34712330e+03 -8.78313820e+03 -1.04576778e+04 -1.24037566e+04 -1.46580942e+04 -1.72614394e+04 -2.02589153e+04 -2.37003848e+04 -2.76408399e+04 -3.21408136e+04
0.00000000e+00 -1.06263252e-04 -4.25053006e-04 -9.56369264e-04 -1.70021203e-03 -2.65658129e-03 -3.82547706e-03 -5.20689933e-03 -6.80084810e-03 -4.79878686e-02 -1.66990423e-01 -4.11607084e-01 -8.66362060e-01 -1.65479283e+00 -2.95185770e+00 -4.99896100e+00 -8.12192759e+00 -1.27522772e+01 -1.94521685e+01 -2.89434023e+01 -4.21408919e+01 -6.01910267e+01 -8.45153785e+01 -1.16860213e+02 -1.59352293e+02 -2.14561477e+02 -2.85570637e+02 -3.76053436e+02 -4.90360529e+02 -6.33614765e+02 -8.11815994e+02 -1.03195609e+03 -1.30214486e+03 -1.63174740e+03 -2.03153374e+03 -2.51384133e+03 -3.09275108e+03 -3.78427785e+03 -4.60657592e+03 -5.58016040e+03 -6.72814526e+03 -8.07649881e+03 -9.65431754e+03 -1.14941190e+04 -1.36321548e+04 -1.61087444e+04 -1.89686309e+04 -2.22613591e+04 -2.60416780e+04 -3.03699672e+04 -3.53126892e+04
0.00000000e+00 -1.06044809e-04 -4.24179235e-04 -9.54403278e-04 -1.69671694e-03 -2.65112022e-03 -3.81761311e-03 -5.19619562e-03 -6.78686775e-03 -5.98085378e-02 -1.96689983e-01 -4.75259979e-01 -9.89985223e-01 -1.87871583e+00 -3.33644553e+00 -5.63197140e+00 -9.12782050e+00 -1.43038316e+01 -2.17848017e+01 -3.23726287e+01 -4.70834015e+01 -6.71899115e+01 -9.42700797e+01 -1.30261816e+02 -1.77524845e+02 -2.38910064e+02 -3.17836999e+02 -4.18379975e+02 -5.45363612e+02 -7.04468292e+02 -9.02346268e+02 -1.14674909e+03 -1.44666705e+03 -1.81248143e+03 -2.25613016e+03 -2.79128788e+03 -3.43356098e+03 -4.20069851e+03 -5.11281991e+03 -6.19266020e+03 -7.46583366e+03 -8.96111687e+03 -1.07107520e+04 -1.27507713e+04 -1.51213439e+04 -1.78671452e+04 -2.10377514e+04 -2.46880583e+04 -2.88787268e+04 -3.36766554e+04 -3.91554813e+04
0.00000000e+00 -1.06181598e-04 -4.24726391e-04 -9.55634380e-04 -1.69890557e-03 -2.65453995e-03 -3.82253752e-03 -5.20289829e-03 -1.22759060e-02 -8.60109800e-02 -2.54676228e-01 -5.90700481e-01 -1.20339266e+00 -2.25169379e+00 -3.95982779e+00 -6.63624413e+00 -1.06962699e+01 -1.66889125e+01 -2.53282790e+01 -3.75301023e+01 -5.44538870e+01 -7.75512159e+01 -1.08620776e+02 -1.49870695e+02 -2.03988796e+02 -2.74221405e+02 -3.64461374e+02 -4.79346005e+02 -6.24365570e+02 -8.05983175e+02 -1.03176672e+03 -1.31053371e+03 -1.65250979e+03 -2.06950175e+03 -2.57508587e+03 -3.18481257e+03 -3.91642813e+03 -4.79011452e+03 -5.82874823e+03 -7.05817905e+03 -8.50752991e+03 -1.02095187e+04 -1.22008030e+04 -1.45223492e+04 -1.72198268e+04 -2.03440287e+04 -2.39513194e+04 -2.81041117e+04 -3.28713729e+04 -3.83291630e+04 -4.45612041e+04
0.00000000e+00 0.00000000e+00 0.00000000e+00 0.00000000e+00 0.00000000e+00 0.00000000e+00 0.00000000e+00 0.00000000e+00 0.00000000e+00 0.00000000e+00 0.00000000e+00 0.00000000e+00 0.00000000e+00 0.00000000e+00 0.00000000e+00 0.00000000e+00 0.00000000e+00 0.00000000e+00 0.00000000e+00 0.00000000e+00 0.00000000e+00 0.00000000e+00 0.00000000e+00 0.00000000e+00 0.00000000e+00 0.00000000e+00 0.00000000e+00 0.00000000e+00 0.00000000e+00 0.00000000e+00 0.00000000e+00 0.00000000e+00 0.00000000e+00 0.00000000e+00 0.00000000e+00 0.00000000e+00 0.00000000e+00 0.00000000e+00 0.00000000e+00 0.00000000e+00 0.00000000e+00 0.00000000e+00 0.00000000e+00 0.00000000e+00 0.00000000e+00 0.00000000e+00 0.00000000e+00 0.00000000e+00 0.00000000e+00 0.00000000e+00 0.00000000e+00
0.00000000e+00 0.00000000e+00 0.00000000e+00 0.00000000e+00 0.00000000e+00 0.00000000e+00 0.00000000e+00 0.00000000e+00 0.00000000e+00 0.00000000e+00 0.00000000e+00 0.00000000e+00 0.00000000e+00 0.00000000e+00 0.00000000e+00 0.00000000e+00 0.00000000e+00 0.00000000e+00 0.00000000e+00 0.00000000e+00 0.00000000e+00 0.00000000e+00 0.00000000e+00 0.00000000e+00 0.00000000e+00 0.00000000e+00 0.00000000e+00 0.00000000e+00 0.00000000e+00 0.00000000e+00 0.00000000e+00 0.00000000e+00 0.00000000e+00 0.00000000e+00 0.00000000e+00 0.00000000e+00 0.00000000e+00 0.00000000e+00 0.00000000e+00 0.00000000e+00 0.00000000e+00 0.00000000e+00 0.00000000e+00 0.00000000e+00 0.00000000e+00 0.00000000e+00 0.00000000e+00 0.00000000e+00 0.00000000e+00 0.00000000e+00 0.00000000e+00
0.00000000e+00 0.00000000e+00 0.00000000e+00 0.00000000e+00 0.00000000e+00 0.00000000e+00 0.00000000e+00 0.00000000e+00 0.00000000e+00 0.00000000e+00 0.00000000e+00 0.00000000e+00 0.00000000e+00 0.00000000e+00 0.00000000e+00 0.00000000e+00 0.00000000e+00 0.00000000e+00 0.00000000e+00 0.00000000e+00 0.00000000e+00 0.00000000e+00 0.00000000e+00 0.00000000e+00 0.00000000e+00 0.00000000e+00 0.00000000e+00 0.00000000e+00 0.00000000e+00 0.00000000e+00 0.00000000e+00 0.00000000e+00 0.00000000e+00 0.00000000e+00 0.00000000e+00 0.00000000e+00 0.00000000e+00 0.00000000e+00 0.00000000e+00 0.00000000e+00 0.00000000e+00 0.00000000e+00 0.00000000e+00 0.00000000e+00 0.00000000e+00 0.00000000e+00 0.00000000e+00 0.00000000e+00 0.00000000e+00 0.00000000e+00 0.00000000e+00
0.00000000e+00 0.00000000e+00 0.00000000e+00 0.00000000e+00 0.00000000e+00 0.00000000e+00 0.00000000e+00 0.00000000e+00 0.00000000e+00 0.00000000e+00 0.00000000e+00 0.00000000e+00 0.00000000e+00 0.00000000e+00 0.00000000e+00 0.00000000e+00 0.00000000e+00 0.00000000e+00 0.00000000e+00 0.00000000e+00 0.00000000e+00 0.00000000e+00 0.00000000e+00 0.00000000e+00 0.00000000e+00 0.00000000e+00 0.00000000e+00 0.00000000e+00 0.00000000e+00 0.00000000e+00 0.00000000e+00 0.00000000e+00 0.00000000e+00 0.00000000e+00 0.00000000e+00 0.00000000e+00 0.00000000e+00 0.00000000e+00 0.00000000e+00 0.00000000e+00 0.00000000e+00 0.00000000e+00 0.00000000e+00 0.00000000e+00 0.00000000e+00 0.00000000e+00 0.00000000e+00 0.00000000e+00 0.00000000e+00 0.00000000e+00 0.00000000e+00
0.00000000e+00 0.00000000e+00 0.00000000e+00 0.00000000e+00 0.00000000e+00 0.00000000e+00 0.00000000e+00 0.00000000e+00 0.00000000e+00 0.00000000e+00 0.00000000e+00 0.00000000e+00 0.00000000e+00 0.00000000e+00 0.00000000e+00 0.00000000e+00 0.00000000e+00 0.00000000e+00 0.00000000e+00 0.00000000e+00 0.00000000e+00 0.00000000e+00 0.00000000e+00 0.00000000e+00 0.00000000e+00 0.00000000e+00 0.00000000e+00 0.00000000e+00 0.00000000e+00 0.00000000e+00 0.00000000e+00 0.00000000e+00 0.00000000e+00 0.00000000e+00 0.00000000e+00 0.00000000e+00 0.00000000e+00 0.00000000e+00 0.00000000e+00 0.00000000e+00 0.00000000e+00 0.00000000e+00 0.00000000e+00 0.00000000e+00 0.00000000e+00 0.00000000e+00 0.00000000e+00 0.00000000e+00 0.00000000e+00 0.00000000e+00 0.00000000e+00
0.00000000e+00 0.00000000e+00 0.00000000e+00 0.00000000e+00 0.00000000e+00 0.00000000e+00 0.00000000e+00 0.00000000e+00 0.00000000e+00 0.00000000e+00 0.00000000e+00 0.00000000e+00 0.00000000e+00 0.00000000e+00 0.00000000e+00 0.00000000e+00 0.00000000e+00 0.00000000e+00 0.00000000e+00 0.00000000e+00 0.00000000e+00 0.00000000e+00 0.00000000e+00 0.00000000e+00 0.00000000e+00 0.00000000e+00 0.00000000e+00 0.00000000e+00 0.00000000e+00 0.00000000e+00 0.00000000e+00 0.00000000e+00 0.00000000e+00 0.00000000e+00 0.00000000e+00 0.00000000e+00 0.00000000e+00 0.00000000e+00 0.00000000e+00 0.00000000e+00 0.00000000e+00 0.00000000e+00 0.00000000e+00 0.00000000e+00 0.00000000e+00 0.00000000e+00 0.00000000e+00 0.00000000e+00 0.00000000e+00 0.00000000e+00 0.00000000e+00
0.00000000e+00 0.00000000e+00 0.00000000e+00 0.00000000e+00 0.00000000e+00 0.00000000e+00 0.00000000e+00 0.00000000e+00 0.00000000e+00 0.00000000e+00 0.00000000e+00 0.00000000e+00 0.00000000e+00 0.00000000e+00 0.00000000e+00 0.00000000e+00 0.00000000e+00 0.00000000e+00 0.00000000e+00 0.00000000e+00 0.00000000e+00 0.00000000e+00 0.00000000e+00 0.00000000e+00 0.00000000e+00 0.00000000e+00 0.00000000e+00 0.00000000e+00 0.00000000e+00 0.00000000e+00 0.00000000e+00 0.00000000e+00 0.00000000e+00 0.00000000e+00 0.00000000e+00 0.00000000e+00 0.00000000e+00 0.00000000e+00 0.00000000e+00 0.00000000e+00 0.00000000e+00 0.00000000e+00 0.00000000e+00 0.00000000e+00 0.00000000e+00 0.00000000e+00 0.00000000e+00 0.00000000e+00 0.00000000e+00 0.00000000e+00 0.00000000e+00
0.00000000e+00 0.00000000e+00 0.00000000e+00 0.00000000e+00 0.00000000e+00 0.00000000e+00 0.00000000e+00 0.00000000e+00 0.00000000e+00 0.00000000e+00 0.00000000e+00 0.00000000e+00 0.00000000e+00 0.00000000e+00 0.00000000e+00 0.00000000e+00 0.00000000e+00 0.00000000e+00 0.00000000e+00 0.00000000e+00 0.00000000e+00 0.00000000e+00 0.00000000e+00 0.00000000e+00 0.00000000e+00 0.00000000e+00 0.00000000e+00 0.00000000e+00 0.00000000e+00 0.00000000e+00 0.00000000e+00 0.00000000e+00 0.00000000e+00 0.00000000e+00 0.00000000e+00 0.00000000e+00 0.00000000e+00 0.00000000e+00 0.00000000e+00 0.00000000e+00 0.00000000e+00 0.00000000e+00 0.00000000e+00 0.00000000e+00 0.00000000e+00 0.00000000e+00 0.00000000e+00 0.00000000e+00 0.00000000e+00 0.00000000e+00 0.00000000e+00
0.00000000e+00 0.00000000e+00 0.00000000e+00 0.00000000e+00 0.00000000e+00 0.00000000e+00 0.00000000e+00 0.00000000e+00 0.00000000e+00 0.00000000e+00 0.00000000e+00 0.00000000e+00 0.00000000e+00 0.00000000e+00 0.00000000e+00 0.00000000e+00 0.00000000e+00 0.00000000e+00 0.00000000e+00 0.00000000e+00 0.00000000e+00 0.00000000e+00 0.00000000e+00 0.00000000e+00 0.00000000e+00 0.00000000e+00 0.00000000e+00 0.00000000e+00 0.00000000e+00 0.00000000e+00 0.00000000e+00 0.00000000e+00 0.00000000e+00 0.00000000e+00 0.00000000e+00 0.00000000e+00 0.00000000e+00 0.00000000e+00 0.00000000e+00 0.00000000e+00 0.00000000e+00 0.00000000e+00 0.00000000e+00 0.00000000e+00 0.00000000e+00 0.00000000e+00 0.00000000e+00 0.00000000e+00 0.00000000e+00 0.00000000e+00 0.00000000e+00
0.00000000e+00 0.00000000e+00 0.00000000e+00 0.00000000e+00 0.00000000e+00 0.00000000e+00 0.00000000e+00 0.00000000e+00 0.00000000e+00 0.00000000e+00 0.00000000e+00 0.00000000e+00 0.00000000e+00 0.00000000e+00 0.00000000e+00 0.00000000e+00 0.00000000e+00 0.00000000e+00 0.00000000e+00 0.00000000e+00 0.00000000e+00 0.00000000e+00 0.00000000e+00 0.00000000e+00 0.00000000e+00 0.00000000e+00 0.00000000e+00 0.00000000e+00 0.00000000e+00 0.00000000e+00 0.00000000e+00 0.00000000e+00 0.00000000e+00 0.00000000e+00 0.00000000e+00 0.00000000e+00 0.00000000e+00 0.00000000e+00 0.00000000e+00 0.00000000e+00 0.00000000e+00 0.00000000e+00 0.00000000e+00 0.00000000e+00 0.00000000e+00 0.00000000e+00 0.00000000e+00 0.00000000e+00 0.00000000e+00 0.00000000e+00 0.00000000e+00
0.00000000e+00 0.00000000e+00 0.00000000e+00 0.00000000e+00 0.00000000e+00 0.00000000e+00 0.00000000e+00 0.00000000e+00 0.00000000e+00 0.00000000e+00 0.00000000e+00 0.00000000e+00 0.00000000e+00 0.00000000e+00 0.00000000e+00 0.00000000e+00 0.00000000e+00 0.00000000e+00 0.00000000e+00 0.00000000e+00 0.00000000e+00 0.00000000e+00 0.00000000e+00 0.00000000e+00 0.00000000e+00 0.00000000e+00 0.00000000e+00 0.00000000e+00 0.00000000e+00 0.00000000e+00 0.00000000e+00 0.00000000e+00 0.00000000e+00 0.00000000e+00 0.00000000e+00 0.00000000e+00 0.00000000e+00 0.00000000e+00 0.00000000e+00 0.00000000e+00 0.00000000e+00 0.00000000e+00 0.00000000e+00 0.00000000e+00 0.00000000e+00 0.00000000e+00 0.00000000e+00 0.00000000e+00 0.00000000e+00 0.00000000e+00 0.00000000e+00
0.00000000e+00 0.00000000e+00 0.00000000e+00 0.00000000e+00 0.00000000e+00 0.00000000e+00 0.00000000e+00 0.00000000e+00 0.00000000e+00 0.00000000e+00 0.00000000e+00 0.00000000e+00 0.00000000e+00 0.00000000e+00 0.00000000e+00 0.00000000e+00 0.00000000e+00 0.00000000e+00 0.00000000e+00 0.00000000e+00 0.00000000e+00 0.00000000e+00 0.00000000e+00 0.00000000e+00 0.00000000e+00 0.00000000e+00 0.00000000e+00 0.00000000e+00 0.00000000e+00 0.00000000e+00 0.00000000e+00 0.00000000e+00 0.00000000e+00 0.00000000e+00 0.00000000e+00 0.00000000e+00 0.00000000e+00 0.00000000e+00 0.00000000e+00 0.00000000e+00 0.00000000e+00 0.00000000e+00 0.00000000e+00 0.00000000e+00 0.00000000e+00 0.00000000e+00 0.00000000e+00 0.00000000e+00 0.00000000e+00 0.00000000e+00 0.00000000e+00
0.00000000e+00 0.00000000e+00 0.00000000e+00 0.00000000e+00 0.00000000e+00 0.00000000e+00 0.00000000e+00 0.00000000e+00 0.00000000e+00 0.00000000e+00 0.00000000e+00 0.00000000e+00 0.00000000e+00 0.00000000e+00 0.00000000e+00 0.00000000e+00 0.00000000e+00 0.00000000e+00 0.00000000e+00 0.00000000e+00 0.00000000e+00 0.00000000e+00 0.00000000e+00 0.00000000e+00 0.00000000e+00 0.00000000e+00 0.00000000e+00 0.00000000e+00 0.00000000e+00 0.00000000e+00 0.00000000e+00 0.00000000e+00 0.00000000e+00 0.00000000e+00 0.00000000e+00 0.00000000e+00 0.00000000e+00 0.00000000e+00 0.00000000e+00 0.00000000e+00 0.00000000e+00 0.00000000e+00 0.00000000e+00 0.00000000e+00 0.00000000e+00 0.00000000e+00 0.00000000e+00 0.00000000e+00 0.00000000e+00 0.00000000e+00 0.00000000e+00
0.00000000e+00 0.00000000e+00 0.00000000e+00 0.00000000e+00 0.00000000e+00 0.00000000e+00 0.00000000e+00 0.00000000e+00 0.00000000e+00 0.00000000e+00 0.00000000e+00 0.00000000e+00 0.00000000e+00 0.00000000e+00 0.00000000e+00 0.00000000e+00 0.00000000e+00 0.00000000e+00 0.00000000e+00 0.00000000e+00 0.00000000e+00 0.00000000e+00 0.00000000e+00 0.00000000e+00 0.00000000e+00 0.00000000e+00 0.00000000e+00 0.00000000e+00 0.00000000e+00 0.00000000e+00 0.00000000e+00 0.00000000e+00 0.00000000e+00 0.00000000e+00 0.00000000e+00 0.00000000e+00 0.00000000e+00 0.00000000e+00 0.00000000e+00 0.00000000e+00 0.00000000e+00 0.00000000e+00 0.00000000e+00 0.00000000e+00 0.00000000e+00 0.00000000e+00 0.00000000e+00 0.00000000e+00 0.00000000e+00 0.00000000e+00 0.00000000e+00
0.00000000e+00 0.00000000e+00 0.00000000e+00 0.00000000e+00 0.00000000e+00 0.00000000e+00 0.00000000e+00 0.00000000e+00 0.00000000e+00 0.00000000e+00 0.00000000e+00 0.00000000e+00 0.00000000e+00 0.00000000e+00 0.00000000e+00 0.00000000e+00 0.00000000e+00 0.00000000e+00 0.00000000e+00 0.00000000e+00 0.00000000e+00 0.00000000e+00 0.00000000e+00 0.00000000e+00 0.00000000e+00 0.00000000e+00 0.00000000e+00 0.00000000e+00 0.00000000e+00 0.00000000e+00 0.00000000e+00 0.00000000e+00 0.00000000e+00 0.00000000e+00 0.00000000e+00 0.00000000e+00 0.00000000e+00 0.00000000e+00 0.00000000e+00 0.00000000e+00 0.00000000e+00 0.00000000e+00 0.00000000e+00 0.00000000e+00 0.00000000e+00 0.00000000e+00 0.00000000e+00 0.00000000e+00 0.00000000e+00 0.00000000e+00 0.00000000e+00
0.00000000e+00 0.00000000e+00 0.00000000e+00 0.00000000e+00 0.00000000e+00 0.00000000e+00 0.00000000e+00 0.00000000e+00 0.00000000e+00 0.00000000e+00 0.00000000e+00 0.00000000e+00 0.00000000e+00 0.00000000e+00 0.00000000e+00 0.00000000e+00 0.00000000e+00 0.00000000e+00 0.00000000e+00 0.00000000e+00 0.00000000e+00 0.00000000e+00 0.00000000e+00 0.00000000e+00 0.00000000e+00 0.00000000e+00 0.00000000e+00 0.00000000e+00 0.00000000e+00 0.00000000e+00 0.00000000e+00 0.00000000e+00 0.00000000e+00 0.00000000e+00 0.00000000e+00 0.00000000e+00 0.00000000e+00 0.00000000e+00 0.00000000e+00 0.00000000e+00 0.00000000e+00 0.00000000e+00 0.00000000e+00 0.00000000e+00 0.00000000e+00 0.00000000e+00 0.00000000e+00 0.00000000e+00 0.00000000e+00 0.00000000e+00 0.00000000e+00
0.00000000e+00 0.00000000e+00 0.00000000e+00 0.00000000e+00 0.00000000e+00 0.00000000e+00 0.00000000e+00 0.00000000e+00 0.00000000e+00 0.00000000e+00 0.00000000e+00 0.00000000e+00 0.00000000e+00 0.00000000e+00 0.00000000e+00 0.00000000e+00 0.00000000e+00 0.00000000e+00 0.00000000e+00 0.00000000e+00 0.00000000e+00 0.00000000e+00 0.00000000e+00 0.00000000e+00 0.00000000e+00 0.00000000e+00 0.00000000e+00 0.00000000e+00 0.00000000e+00 0.00000000e+00 0.00000000e+00 0.00000000e+00 0.00000000e+00 0.00000000e+00 0.00000000e+00 0.00000000e+00 0.00000000e+00 0.00000000e+00 0.00000000e+00 0.00000000e+00 0.00000000e+00 0.00000000e+00 0.00000000e+00 0.00000000e+00 0.00000000e+00 0.00000000e+00 0.00000000e+00 0.00000000e+00 0.00000000e+00 0.00000000e+00 0.00000000e+00
0.00000000e+00 0.00000000e+00 0.00000000e+00 0.00000000e+00 0.00000000e+00 0.00000000e+00 0.00000000e+00 0.00000000e+00 0.00000000e+00 0.00000000e+00 0.00000000e+00 0.00000000e+00 0.00000000e+00 0.00000000e+00 0.00000000e+00 0.00000000e+00 0.00000000e+00 0.00000000e+00 0.00000000e+00 0.00000000e+00 0.00000000e+00 0.00000000e+00 0.00000000e+00 0.00000000e+00 0.00000000e+00 0.00000000e+00 0.00000000e+00 0.00000000e+00 0.00000000e+00 0.00000000e+00 0.00000000e+00 0.00000000e+00 0.00000000e+00 0.00000000e+00 0.00000000e+00 0.00000000e+00 0.00000000e+00 0.00000000e+00 0.00000000e+00 0.00000000e+00 0.00000000e+00 0.00000000e+00 0.00000000e+00 0.00000000e+00 0.00000000e+00 0.00000000e+00 0.00000000e+00 0.00000000e+00 0.00000000e+00 0.00000000e+00 0.00000000e+00
0.00000000e+00 0.00000000e+00 0.00000000e+00 0.00000000e+00 0.00000000e+00 0.00000000e+00 0.00000000e+00 0.00000000e+00 0.00000000e+00 0.00000000e+00 0.00000000e+00 0.00000000e+00 0.00000000e+00 0.00000000e+00 0.00000000e+00 0.00000000e+00 0.00000000e+00 0.00000000e+00 0.00000000e+00 0.00000000e+00 0.00000000e+00 0.00000000e+00 0.00000000e+00 0.00000000e+00 0.00000000e+00 0.00000000e+00 0.00000000e+00 0.00000000e+00 0.00000000e+00 0.00000000e+00 0.00000000e+00 0.00000000e+00 0.00000000e+00 0.00000000e+00 0.00000000e+00 0.00000000e+00 0.00000000e+00 0.00000000e+00 0.00000000e+00 0.00000000e+00 0.00000000e+00 0.00000000e+00 0.00000000e+00 0.00000000e+00 0.00000000e+00 0.00000000e+00 0.00000000e+00 0.00000000e+00 0.00000000e+00 0.00000000e+00 0.00000000e+00
0.00000000e+00 0.00000000e+00 0.00000000e+00 0.00000000e+00 0.00000000e+00 0.00000000e+00 0.00000000e+00 0.00000000e+00 0.00000000e+00 0.00000000e+00 0.00000000e+00 0.00000000e+00 0.00000000e+00 0.00000000e+00 0.00000000e+00 0.00000000e+00 0.00000000e+00 0.00000000e+00 0.00000000e+00 0.00000000e+00 0.00000000e+00 0.00000000e+00 0.00000000e+00 0.00000000e+00 0.00000000e+00 0.00000000e+00 0.00000000e+00 0.00000000e+00 0.00000000e+00 0.00000000e+00 0.00000000e+00 0.00000000e+00 0.00000000e+00 0.00000000e+00 0.00000000e+00 0.00000000e+00 0.00000000e+00 0.00000000e+00 0.00000000e+00 0.00000000e+00 0.00000000e+00 0.00000000e+00 0.00000000e+00 0.00000000e+00 0.00000000e+00 0.00000000e+00 0.00000000e+00 0.00000000e+00 0.00000000e+00 0.00000000e+00 0.00000000e+00
0.00000000e+00 0.00000000e+00 0.00000000e+00 0.00000000e+00 0.00000000e+00 0.00000000e+00 0.00000000e+00 0.00000000e+00 0.00000000e+00 0.00000000e+00 0.00000000e+00 0.00000000e+00 0.00000000e+00 0.00000000e+00 0.00000000e+00 0.00000000e+00 0.00000000e+00 0.00000000e+00 0.00000000e+00 0.00000000e+00 0.00000000e+00 0.00000000e+00 0.00000000e+00 0.00000000e+00 0.00000000e+00 0.00000000e+00 0.00000000e+00 0.00000000e+00 0.00000000e+00 0.00000000e+00 0.00000000e+00 0.00000000e+00 0.00000000e+00 0.00000000e+00 0.00000000e+00 0.00000000e+00 0.00000000e+00 0.00000000e+00 0.00000000e+00 0.00000000e+00 0.00000000e+00 0.00000000e+00 0.00000000e+00 0.00000000e+00 0.00000000e+00 0.00000000e+00 0.00000000e+00 0.00000000e+00 0.00000000e+00 0.00000000e+00 0.00000000e+00
0.00000000e+00 0.00000000e+00 0.00000000e+00 0.00000000e+00 0.00000000e+00 0.00000000e+00 0.00000000e+00 0.00000000e+00 0.00000000e+00 0.00000000e+00 0.00000000e+00 0.00000000e+00 0.00000000e+00 0.00000000e+00 0.00000000e+00 0.00000000e+00 0.00000000e+00 0.00000000e+00 0.00000000e+00 0.00000000e+00 0.00000000e+00 0.00000000e+00 0.00000000e+00 0.00000000e+00 0.00000000e+00 0.00000000e+00 0.00000000e+00 0.00000000e+00 0.00000000e+00 0.00000000e+00 0.00000000e+00 0.00000000e+00 0.00000000e+00 0.00000000e+00 0.00000000e+00 0.00000000e+00 0.00000000e+00 0.00000000e+00 0.00000000e+00 0.00000000e+00 0.00000000e+00 0.00000000e+00 0.00000000e+00 0.00000000e+00 0.00000000e+00 0.00000000e+00 0.00000000e+00 0.00000000e+00 0.00000000e+00 0.00000000e+00 0.00000000e+00
0.00000000e+00 0.00000000e+00 0.00000000e+00 0.00000000e+00 0.00000000e+00 0.00000000e+00 0.00000000e+00 0.00000000e+00 0.00000000e+00 0.00000000e+00 0.00000000e+00 0.00000000e+00 0.00000000e+00 0.00000000e+00 0.00000000e+00 0.00000000e+00 0.00000000e+00 0.00000000e+00 0.00000000e+00 0.00000000e+00 0.00000000e+00 0.00000000e+00 0.00000000e+00 0.00000000e+00 0.00000000e+00 0.00000000e+00 0.00000000e+00 0.00000000e+00 0.00000000e+00 0.00000000e+00 0.00000000e+00 0.00000000e+00 0.00000000e+00 0.00000000e+00 0.00000000e+00 0.00000000e+00 0.00000000e+00 0.00000000e+00 0.00000000e+00 0.00000000e+00 0.00000000e+00 0.00000000e+00 0.00000000e+00 0.00000000e+00 0.00000000e+00 0.00000000e+00 0.00000000e+00 0.00000000e+00 0.00000000e+00 0.00000000e+00 0.00000000e+00
0.00000000e+00 0.00000000e+00 0.00000000e+00 0.00000000e+00 0.00000000e+00 0.00000000e+00 0.00000000e+00 0.00000000e+00 0.00000000e+00 0.00000000e+00 0.00000000e+00 0.00000000e+00 0.00000000e+00 0.00000000e+00 0.00000000e+00 0.00000000e+00 0.00000000e+00 0.00000000e+00 0.00000000e+00 0.00000000e+00 0.00000000e+00 0.00000000e+00 0.00000000e+00 0.00000000e+00 0.00000000e+00 0.00000000e+00 0.00000000e+00 0.00000000e+00 0.00000000e+00 0.00000000e+00 0.00000000e+00 0.00000000e+00 0.00000000e+00 0.00000000e+00 0.00000000e+00 0.00000000e+00 0.00000000e+00 0.00000000e+00 0.00000000e+00 0.00000000e+00 0.00000000e+00 0.00000000e+00 0.00000000e+00 0.00000000e+00 0.00000000e+00 0.00000000e+00 0.00000000e+00 0.00000000e+00 0.00000000e+00 0.00000000e+00 0.00000000e+00
0.00000000e+00 0.00000000e+00 0.00000000e+00 0.00000000e+00 0.00000000e+00 0.00000000e+00 0.00000000e+00 0.00000000e+00 0.00000000e+00 0.00000000e+00 0.00000000e+00 0.00000000e+00 0.00000000e+00 0.00000000e+00 0.00000000e+00 0.00000000e+00 0.00000000e+00 0.00000000e+00 0.00000000e+00 0.00000000e+00 0.00000000e+00 0.00000000e+00 0.00000000e+00 0.00000000e+00 0.00000000e+00 0.00000000e+00 0.00000000e+00 0.00000000e+00 0.00000000e+00 0.00000000e+00 0.00000000e+00 0.00000000e+00 0.00000000e+00 0.00000000e+00 0.00000000e+00 0.00000000e+00 0.00000000e+00 0.00000000e+00 0.00000000e+00 0.00000000e+00 0.00000000e+00 0.00000000e+00 0.00000000e+00 0.00000000e+00 0.00000000e+00 0.00000000e+00 0.00000000e+00 0.00000000e+00 0.00000000e+00 0.00000000e+00 0.00000000e+00
0.00000000e+00 0.00000000e+00 0.00000000e+00 0.00000000e+00 0.00000000e+00 0.00000000e+00 0.00000000e+00 0.00000000e+00 0.00000000e+00 0.00000000e+00 0.00000000e+00 0.00000000e+00 0.00000000e+00 0.00000000e+00 0.00000000e+00 0.00000000e+00 0.00000000e+00 0.00000000e+00 0.00000000e+00 0.00000000e+00 0.00000000e+00 0.00000000e+00 0.00000000e+00 0.00000000e+00 0.00000000e+00 0.00000000e+00 0.00000000e+00 0.00000000e+00 0.00000000e+00 0.00000000e+00 0.00000000e+00 0.00000000e+00 0.00000000e+00 0.00000000e+00 0.00000000e+00 0.00000000e+00 0.00000000e+00 0.00000000e+00 0.00000000e+00 0.00000000e+00 0.00000000e+00 0.00000000e+00 0.00000000e+00 0.00000000e+00 0.00000000e+00 0.00000000e+00 0.00000000e+00 0.00000000e+00 0.00000000e+00 0.00000000e+00 0.00000000e+00
0.00000000e+00 0.00000000e+00 0.00000000e+00 0.00000000e+00 0.00000000e+00 0.00000000e+00 0.00000000e+00 0.00000000e+00 0.00000000e+00 0.00000000e+00 0.00000000e+00 0.00000000e+00 0.00000000e+00 0.00000000e+00 0.00000000e+00 0.00000000e+00 0.00000000e+00 0.00000000e+00 0.00000000e+00 0.00000000e+00 0.00000000e+00 0.00000000e+00 0.00000000e+00 0.00000000e+00 0.00000000e+00 0.00000000e+00 0.00000000e+00 0.00000000e+00 0.00000000e+00 0.00000000e+00 0.00000000e+00 0.00000000e+00 0.00000000e+00 0.00000000e+00 0.00000000e+00 0.00000000e+00 0.00000000e+00 0.00000000e+00 0.00000000e+00 0.00000000e+00 0.00000000e+00 0.00000000e+00 0.00000000e+00 0.00000000e+00 0.00000000e+00 0.00000000e+00 0.00000000e+00 0.00000000e+00 0.00000000e+00 0.00000000e+00 0.00000000e+00
0.00000000e+00 0.00000000e+00 0.00000000e+00 0.00000000e+00 0.00000000e+00 0.00000000e+00 0.00000000e+00 0.00000000e+00 0.00000000e+00 0.00000000e+00 0.00000000e+00 0.00000000e+00 0.00000000e+00 0.00000000e+00 0.00000000e+00 0.00000000e+00 0.00000000e+00 0.00000000e+00 0.00000000e+00 0.00000000e+00 0.00000000e+00 0.00000000e+00 0.00000000e+00 0.00000000e+00 0.00000000e+00 0.00000000e+00 0.00000000e+00 0.00000000e+00 0.00000000e+00 0.00000000e+00 0.00000000e+00 0.00000000e+00 0.00000000e+00 0.00000000e+00 0.00000000e+00 0.00000000e+00 0.00000000e+00 0.00000000e+00 0.00000000e+00 0.00000000e+00 0.00000000e+00 0.00000000e+00 0.00000000e+00 0.00000000e+00 0.00000000e+00 0.00000000e+00 0.00000000e+00 0.00000000e+00 0.00000000e+00 0.00000000e+00 0.00000000e+00
0.00000000e+00 0.00000000e+00 0.00000000e+00 0.00000000e+00 0.00000000e+00 0.00000000e+00 0.00000000e+00 0.00000000e+00 0.00000000e+00 0.00000000e+00 0.00000000e+00 0.00000000e+00 0.00000000e+00 0.00000000e+00 0.00000000e+00 0.00000000e+00 0.00000000e+00 0.00000000e+00 0.00000000e+00 0.00000000e+00 0.00000000e+00 0.00000000e+00 0.00000000e+00 0.00000000e+00 0.00000000e+00 0.00000000e+00 0.00000000e+00 0.00000000e+00 0.00000000e+00 0.00000000e+00 0.00000000e+00 0.00000000e+00 0.00000000e+00 0.00000000e+00 0.00000000e+00 0.00000000e+00 0.00000000e+00 0.00000000e+00 0.00000000e+00 0.00000000e+00 0.00000000e+00 0.00000000e+00 0.00000000e+00 0.00000000e+00 0.00000000e+00 0.00000000e+00 0.00000000e+00 0.00000000e+00 0.00000000e+00 0.00000000e+00 0.00000000e+00
0.00000000e+00 0.00000000e+00 0.00000000e+00 0.00000000e+00 0.00000000e+00 0.00000000e+00 0.00000000e+00 0.00000000e+00 0.00000000e+00 0.00000000e+00 0.00000000e+00 0.00000000e+00 0.00000000e+00 0.00000000e+00 0.00000000e+00 0.00000000e+00 0.00000000e+00 0.00000000e+00 0.00000000e+00 0.00000000e+00 0.00000000e+00 0.00000000e+00 0.00000000e+00 0.00000000e+00 0.00000000e+00 0.00000000e+00 0.00000000e+00 0.00000000e+00 0.00000000e+00 0.00000000e+00 0.00000000e+00 0.00000000e+00 0.00000000e+00 0.00000000e+00 0.00000000e+00 0.00000000e+00 0.00000000e+00 0.00000000e+00 0.00000000e+00 0.00000000e+00 0.00000000e+00 0.00000000e+00 0.00000000e+00 0.00000000e+00 0.00000000e+00 0.00000000e+00 0.00000000e+00 0.00000000e+00 0.00000000e+00 0.00000000e+00 0.00000000e+00
0.00000000e+00 0.00000000e+00 0.00000000e+00 0.00000000e+00 0.00000000e+00 0.00000000e+00 0.00000000e+00 0.00000000e+00 0.00000000e+00 0.00000000e+00 0.00000000e+00 0.00000000e+00 0.00000000e+00 0.00000000e+00 0.00000000e+00 0.00000000e+00 0.00000000e+00 0.00000000e+00 0.00000000e+00 0.00000000e+00 0.00000000e+00 0.00000000e+00 0.00000000e+00 0.00000000e+00 0.00000000e+00 0.00000000e+00 0.00000000e+00 0.00000000e+00 0.00000000e+00 0.00000000e+00 0.00000000e+00 0.00000000e+00 0.00000000e+00 0.00000000e+00 0.00000000e+00 0.00000000e+00 0.00000000e+00 0.00000000e+00 0.00000000e+00 0.00000000e+00 0.00000000e+00 0.00000000e+00 0.00000000e+00 0.00000000e+00 0.00000000e+00 0.00000000e+00 0.00000000e+00 0.00000000e+00 0.00000000e+00 0.00000000e+00 0.00000000e+00
0.00000000e+00 0.00000000e+00 0.00000000e+00 0.00000000e+00 0.00000000e+00 0.00000000e+00 0.00000000e+00 0.00000000e+00 0.00000000e+00 0.00000000e+00 0.00000000e+00 0.00000000e+00 0.00000000e+00 0.00000000e+00 0.00000000e+00 0.00000000e+00 0.00000000e+00 0.00000000e+00 0.00000000e+00 0.00000000e+00 0.00000000e+00 0.00000000e+00 0.00000000e+00 0.00000000e+00 0.00000000e+00 0.00000000e+00 0.00000000e+00 0.00000000e+00 0.00000000e+00 0.00000000e+00 0.00000000e+00 0.00000000e+00 0.00000000e+00 0.00000000e+00 0.00000000e+00 0.00000000e+00 0.00000000e+00 0.00000000e+00 0.00000000e+00 0.00000000e+00 0.00000000e+00 0.00000000e+00 0.00000000e+00 0.00000000e+00 0.00000000e+00 0.00000000e+00 0.00000000e+00 0.00000000e+00 0.00000000e+00 0.00000000e+00 0.00000000e+00
0.00000000e+00 0.00000000e+00 0.00000000e+00 0.00000000e+00 0.00000000e+00 0.00000000e+00 0.00000000e+00 0.00000000e+00 0.00000000e+00 0.00000000e+00 0.00000000e+00 0.00000000e+00 0.00000000e+00 0.00000000e+00 0.00000000e+00 0.00000000e+00 0.00000000e+00 0.00000000e+00 0.00000000e+00 0.00000000e+00 0.00000000e+00 0.00000000e+00 0.00000000e+00 0.00000000e+00 0.00000000e+00 0.00000000e+00 0.00000000e+00 0.00000000e+00 0.00000000e+00 0.00000000e+00 0.00000000e+00 0.00000000e+00 0.00000000e+00 0.00000000e+00 0.00000000e+00 0.00000000e+00 0.00000000e+00 0.00000000e+00 0.00000000e+00 0.00000000e+00 0.00000000e+00 0.00000000e+00 0.00000000e+00 0.00000000e+00 0.00000000e+00 0.00000000e+00 0.00000000e+00 0.00000000e+00 0.00000000e+00 0.00000000e+00 0.00000000e+00
0.00000000e+00 0.00000000e+00 0.00000000e+00 0.00000000e+00 0.00000000e+00 0.00000000e+00 0.00000000e+00 0.00000000e+00 0.00000000e+00 0.00000000e+00 0.00000000e+00 0.00000000e+00 0.00000000e+00 0.00000000e+00 0.00000000e+00 0.00000000e+00 0.00000000e+00 0.00000000e+00 0.00000000e+00 0.00000000e+00 0.00000000e+00 0.00000000e+00 0.00000000e+00 0.00000000e+00 0.00000000e+00 0.00000000e+00 0.00000000e+00 0.00000000e+00 0.00000000e+00 0.00000000e+00 0.00000000e+00 0.00000000e+00 0.00000000e+00 0.00000000e+00 0.00000000e+00 0.00000000e+00 0.00000000e+00 0.00000000e+00 0.00000000e+00 0.00000000e+00 0.00000000e+00 0.00000000e+00 0.00000000e+00 0.00000000e+00 0.00000000e+00 0.00000000e+00 0.00000000e+00 0.00000000e+00 0.00000000e+00 0.00000000e+00 0.00000000e+00
0.00000000e+00 0.00000000e+00 0.00000000e+00 0.00000000e+00 0.00000000e+00 0.00000000e+00 0.00000000e+00 0.00000000e+00 0.00000000e+00 0.00000000e+00 0.00000000e+00 0.00000000e+00 0.00000000e+00 0.00000000e+00 0.00000000e+00 0.00000000e+00 0.00000000e+00 0.00000000e+00 0.00000000e+00 0.00000000e+00 0.00000000e+00 0.00000000e+00 0.00000000e+00 0.00000000e+00 0.00000000e+00 0.00000000e+00 0.00000000e+00 0.00000000e+00 0.00000000e+00 0.00000000e+00 0.00000000e+00 0.00000000e+00 0.00000000e+00 0.00000000e+00 0.00000000e+00 0.00000000e+00 0.00000000e+00 0.00000000e+00 0.00000000e+00 0.00000000e+00 0.00000000e+00 0.00000000e+00 0.00000000e+00 0.00000000e+00 0.00000000e+00 0.00000000e+00 0.00000000e+00 0.00000000e+00 0.00000000e+00 0.00000000e+00 0.00000000e+00
0.00000000e+00 0.00000000e+00 0.00000000e+00 0.00000000e+00 0.00000000e+00 0.00000000e+00 0.00000000e+00 0.00000000e+00 0.00000000e+00 0.00000000e+00 0.00000000e+00 0.00000000e+00 0.00000000e+00 0.00000000e+00 0.00000000e+00 0.00000000e+00 0.00000000e+00 0.00000000e+00 0.00000000e+00 0.00000000e+00 0.00000000e+00 0.00000000e+00 0.00000000e+00 0.00000000e+00 0.00000000e+00 0.00000000e+00 0.00000000e+00 0.00000000e+00 0.00000000e+00 0.00000000e+00 0.00000000e+00 0.00000000e+00 0.00000000e+00 0.00000000e+00 0.00000000e+00 0.00000000e+00 0.00000000e+00 0.00000000e+00 0.00000000e+00 0.00000000e+00 0.00000000e+00 0.00000000e+00 0.00000000e+00 0.00000000e+00 0.00000000e+00 0.00000000e+00 0.00000000e+00 0.00000000e+00 0.00000000e+00 0.00000000e+00 0.00000000e+00
0.00000000e+00 0.00000000e+00 0.00000000e+00 0.00000000e+00 0.00000000e+00 0.00000000e+00 0.00000000e+00 0.00000000e+00 0.00000000e+00 0.00000000e+00 0.00000000e+00 0.00000000e+00 0.00000000e+00 0.00000000e+00 0.00000000e+00 0.00000000e+00 0.00000000e+00 0.00000000e+00 0.00000000e+00 0.00000000e+00 0.00000000e+00 0.00000000e+00 0.00000000e+00 0.00000000e+00 0.00000000e+00 0.00000000e+00 0.00000000e+00 0.00000000e+00 0.00000000e+00 0.00000000e+00 0.00000000e+00 0.00000000e+00 0.00000000e+00 0.00000000e+00 0.00000000e+00 0.00000000e+00 0.00000000e+00 0.00000000e+00 0.00000000e+00 0.00000000e+00 0.00000000e+00 0.00000000e+00 0.00000000e+00 0.00000000e+00 0.00000000e+00 0.00000000e+00 0.00000000e+00 0.00000000e+00 0.00000000e+00 0.00000000e+00 0.00000000e+00
0.00000000e+00 0.00000000e+00 0.00000000e+00 0.00000000e+00 0.00000000e+00 0.00000000e+00 0.00000000e+00 0.00000000e+00 0.00000000e+00 0.00000000e+00 0.00000000e+00 0.00000000e+00 0.00000000e+00 0.00000000e+00 0.00000000e+00 0.00000000e+00 0.00000000e+00 0.00000000e+00 0.00000000e+00 0.00000000e+00 0.00000000e+00 0.00000000e+00 0.00000000e+00 0.00000000e+00 0.00000000e+00 0.00000000e+00 0.00000000e+00 0.00000000e+00 0.00000000e+00 0.00000000e+00 0.00000000e+00 0.00000000e+00 0.00000000e+00 0.00000000e+00 0.00000000e+00 0.00000000e+00 0.00000000e+00 0.00000000e+00 0.00000000e+00 0.00000000e+00 0.00000000e+00 0.00000000e+00 0.00000000e+00 0.00000000e+00 0.00000000e+00 0.00000000e+00 0.00000000e+00 0.00000000e+00 0.00000000e+00 0.00000000e+00 0.00000000e+00
0.00000000e+00 0.00000000e+00 0.00000000e+00 0.00000000e+00 0.00000000e+00 0.00000000e+00 0.00000000e+00 0.00000000e+00 0.00000000e+00 0.00000000e+00 0.00000000e+00 0.00000000e+00 0.00000000e+00 0.00000000e+00 0.00000000e+00 0.00000000e+00 0.00000000e+00 0.00000000e+00 0.00000000e+00 0.00000000e+00 0.00000000e+00 0.00000000e+00 0.00000000e+00 0.00000000e+00 0.00000000e+00 0.00000000e+00 0.00000000e+00 0.00000000e+00 0.00000000e+00 0.00000000e+00 0.00000000e+00 0.00000000e+00 0.00000000e+00 0.00000000e+00 0.00000000e+00 0.00000000e+00 0.00000000e+00 0.00000000e+00 0.00000000e+00 0.00000000e+00 0.00000000e+00 0.00000000e+00 0.00000000e+00 0.00000000e+00 0.00000000e+00 0.00000000e+00 0.00000000e+00 0.00000000e+00 0.00000000e+00 0.00000000e+00 0.00000000e+00
0.00000000e+00 0.00000000e+00 0.00000000e+00 0.00000000e+00 0.00000000e+00 0.00000000e+00 0.00000000e+00 0.00000000e+00 0.00000000e+00 0.00000000e+00 0.00000000e+00 0.00000000e+00 0.00000000e+00 0.00000000e+00 0.00000000e+00 0.00000000e+00 0.00000000e+00 0.00000000e+00 0.00000000e+00 0.00000000e+00 0.00000000e+00 0.00000000e+00 0.00000000e+00 0.00000000e+00 0.00000000e+00 0.00000000e+00 0.00000000e+00 0.00000000e+00 0.00000000e+00 0.00000000e+00 0.00000000e+00 0.00000000e+00 0.00000000e+00 0.00000000e+00 0.00000000e+00 0.00000000e+00 0.00000000e+00 0.00000000e+00 0.00000000e+00 0.00000000e+00 0.00000000e+00 0.00000000e+00 0.00000000e+00 0.00000000e+00 0.00000000e+00 0.00000000e+00 0.00000000e+00 0.00000000e+00 0.00000000e+00 0.00000000e+00 0.00000000e+00
0.00000000e+00 0.00000000e+00 0.00000000e+00 0.00000000e+00 0.00000000e+00 0.00000000e+00 0.00000000e+00 0.00000000e+00 0.00000000e+00 0.00000000e+00 0.00000000e+00 0.00000000e+00 0.00000000e+00 0.00000000e+00 0.00000000e+00 0.00000000e+00 0.00000000e+00 0.00000000e+00 0.00000000e+00 0.00000000e+00 0.00000000e+00 0.00000000e+00 0.00000000e+00 0.00000000e+00 0.00000000e+00 0.00000000e+00 0.00000000e+00 0.00000000e+00 0.00000000e+00 0.00000000e+00 0.00000000e+00 0.00000000e+00 0.00000000e+00 0.00000000e+00 0.00000000e+00 0.00000000e+00 0.00000000e+00 0.00000000e+00 0.00000000e+00 0.00000000e+00 0.00000000e+00 0.00000000e+00 0.00000000e+00 0.00000000e+00 0.00000000e+00 0.00000000e+00 0.00000000e+00 0.00000000e+00 0.00000000e+00 0.00000000e+00 0.00000000e+00
0.00000000e+00 0.00000000e+00 0.00000000e+00 0.00000000e+00 0.00000000e+00 0.00000000e+00 0.00000000e+00 0.00000000e+00 0.00000000e+00 0.00000000e+00 0.00000000e+00 0.00000000e+00 0.00000000e+00 0.00000000e+00 0.00000000e+00 0.00000000e+00 0.00000000e+00 0.00000000e+00 0.00000000e+00 0.00000000e+00 0.00000000e+00 0.00000000e+00 0.00000000e+00 0.00000000e+00 0.00000000e+00 0.00000000e+00 0.00000000e+00 0.00000000e+00 0.00000000e+00 0.00000000e+00 0.00000000e+00 0.00000000e+00 0.00000000e+00 0.00000000e+00 0.00000000e+00 0.00000000e+00 0.00000000e+00 0.00000000e+00 0.00000000e+00 0.00000000e+00 0.00000000e+00 0.00000000e+00 0.00000000e+00 0.00000000e+00 0.00000000e+00 0.00000000e+00 0.00000000e+00 0.00000000e+00 0.00000000e+00 0.00000000e+00 0.00000000e+00
0.00000000e+00 0.00000000e+00 0.00000000e+00 0.00000000e+00 0.00000000e+00 0.00000000e+00 0.00000000e+00 0.00000000e+00 0.00000000e+00 0.00000000e+00 0.00000000e+00 0.00000000e+00 0.00000000e+00 0.00000000e+00 0.00000000e+00 0.00000000e+00 0.00000000e+00 0.00000000e+00 0.00000000e+00 0.00000000e+00 0.00000000e+00 0.00000000e+00 0.00000000e+00 0.00000000e+00 0.00000000e+00 0.00000000e+00 0.00000000e+00 0.00000000e+00 0.00000000e+00 0.00000000e+00 0.00000000e+00 0.00000000e+00 0.00000000e+00 0.00000000e+00 0.00000000e+00 0.00000000e+00 0.00000000e+00 0.00000000e+00 0.00000000e+00 0.00000000e+00 0.00000000e+00 0.00000000e+00 0.00000000e+00 0.00000000e+00 0.00000000e+00 0.00000000e+00 0.00000000e+00 0.00000000e+00 0.00000000e+00 0.00000000e+00 0.00000000e+00
0.00000000e+00 0.00000000e+00 0.00000000e+00 0.00000000e+00 0.00000000e+00 0.00000000e+00 0.00000000e+00 0.00000000e+00 0.00000000e+00 0.00000000e+00 0.00000000e+00 0.00000000e+00 0.00000000e+00 0.00000000e+00 0.00000000e+00 0.00000000e+00 0.00000000e+00 0.00000000e+00 0.00000000e+00 0.00000000e+00 0.00000000e+00 0.00000000e+00 0.00000000e+00 0.00000000e+00 0.00000000e+00 0.00000000e+00 0.00000000e+00 0.00000000e+00 0.00000000e+00 0.00000000e+00 0.00000000e+00 0.00000000e+00 0.00000000e+00 0.00000000e+00 0.00000000e+00 0.00000000e+00 0.00000000e+00 0.00000000e+00 0.00000000e+00 0.00000000e+00 0.00000000e+00 0.00000000e+00 0.00000000e+00 0.00000000e+00 0.00000000e+00 0.00000000e+00 0.00000000e+00 0.00000000e+00 0.00000000e+00 0.00000000e+00 0.00000000e+00
0.00000000e+00 0.00000000e+00 0.00000000e+00 0.00000000e+00 0.00000000e+00 0.00000000e+00 0.00000000e+00 0.00000000e+00 0.00000000e+00 0.00000000e+00 0.00000000e+00 0.00000000e+00 0.00000000e+00 0.00000000e+00 0.00000000e+00 0.00000000e+00 0.00000000e+00 0.00000000e+00 0.00000000e+00 0.00000000e+00 0.00000000e+00 0.00000000e+00 0.00000000e+00 0.00000000e+00 0.00000000e+00 0.00000000e+00 0.00000000e+00 0.00000000e+00 0.00000000e+00 0.00000000e+00 0.00000000e+00 0.00000000e+00 0.00000000e+00 0.00000000e+00 0.00000000e+00 0.00000000e+00 0.00000000e+00 0.00000000e+00 0.00000000e+00 0.00000000e+00 0.00000000e+00 0.00000000e+00 0.00000000e+00 0.00000000e+00 0.00000000e+00 0.00000000e+00 0.00000000e+00 0.00000000e+00 0.00000000e+00 0.00000000e+00 0.00000000e+00
0.00000000e+00 0.00000000e+00 0.00000000e+00 0.00000000e+00 0.00000000e+00 0.00000000e+00 0.00000000e+00 0.00000000e+00 0.00000000e+00 0.00000000e+00 0.00000000e+00 0.00000000e+00 0.00000000e+00 0.00000000e+00 0.00000000e+00 0.00000000e+00 0.00000000e+00 0.00000000e+00 0.00000000e+00 0.00000000e+00 0.00000000e+00 0.00000000e+00 0.00000000e+00 0.00000000e+00 0.00000000e+00 0.00000000e+00 0.00000000e+00 0.00000000e+00 0.00000000e+00 0.00000000e+00 0.00000000e+00 0.00000000e+00 0.00000000e+00 0.00000000e+00 0.00000000e+00 0.00000000e+00 0.00000000e+00 0.00000000e+00 0.00000000e+00 0.00000000e+00 0.00000000e+00 0.00000000e+00 0.00000000e+00 0.00000000e+00 0.00000000e+00 0.00000000e+00 0.00000000e+00 0.00000000e+00 0.00000000e+00 0.00000000e+00 0.00000000e+00
0.00000000e+00 0.00000000e+00 0.00000000e+00 0.00000000e+00 0.00000000e+00 0.00000000e+00 0.00000000e+00 0.00000000e+00 0.00000000e+00 0.00000000e+00 0.00000000e+00 0.00000000e+00 0.00000000e+00 0.00000000e+00 0.00000000e+00 0.00000000e+00 0.00000000e+00 0.00000000e+00 0.00000000e+00 0.00000000e+00 0.00000000e+00 0.00000000e+00 0.00000000e+00 0.00000000e+00 0.00000000e+00 0.00000000e+00 0.00000000e+00 0.00000000e+00 0.00000000e+00 0.00000000e+00 0.00000000e+00 0.00000000e+00 0.00000000e+00 0.00000000e+00 0.00000000e+00 0.00000000e+00 0.00000000e+00 0.00000000e+00 0.00000000e+00 0.00000000e+00 0.00000000e+00 0.00000000e+00 0.00000000e+00 0.00000000e+00 0.00000000e+00 0.00000000e+00 0.00000000e+00 0.00000000e+00 0.00000000e+00 0.00000000e+00 0.00000000e+00
0.00000000e+00 0.00000000e+00 0.00000000e+00 0.00000000e+00 0.00000000e+00 0.00000000e+00 0.00000000e+00 0.00000000e+00 0.00000000e+00 0.00000000e+00 0.00000000e+00 0.00000000e+00 0.00000000e+00 0.00000000e+00 0.00000000e+00 0.00000000e+00 0.00000000e+00 0.00000000e+00 0.00000000e+00 0.00000000e+00 0.00000000e+00 0.00000000e+00 0.00000000e+00 0.00000000e+00 0.00000000e+00 0.00000000e+00 0.00000000e+00 0.00000000e+00 0.00000000e+00 0.00000000e+00 0.00000000e+00 0.00000000e+00 0.00000000e+00 0.00000000e+00 0.00000000e+00 0.00000000e+00 0.00000000e+00 0.00000000e+00 0.00000000e+00 0.00000000e+00 0.00000000e+00 0.00000000e+00 0.00000000e+00 0.00000000e+00 0.00000000e+00 0.00000000e+00 0.00000000e+00 0.00000000e+00 0.00000000e+00 0.00000000e+00 0.00000000e+00
0.00000000e+00 0.00000000e+00 0.00000000e+00 0.00000000e+00 0.00000000e+00 0.00000000e+00 0.00000000e+00 0.00000000e+00 0.00000000e+00 0.00000000e+00 0.00000000e+00 0.00000000e+00 0.00000000e+00 0.00000000e+00 0.00000000e+00 0.00000000e+00 0.00000000e+00 0.00000000e+00 0.00000000e+00 0.00000000e+00 0.00000000e+00 0.00000000e+00 0.00000000e+00 0.00000000e+00 0.00000000e+00 0.00000000e+00 0.00000000e+00 0.00000000e+00 0.00000000e+00 0.00000000e+00 0.00000000e+00 0.00000000e+00 0.00000000e+00 0.00000000e+00 0.00000000e+00 0.00000000e+00 0.00000000e+00 0.00000000e+00 0.00000000e+00 0.00000000e+00 0.00000000e+00 0.00000000e+00 0.00000000e+00 0.00000000e+00 0.00000000e+00 0.00000000e+00 0.00000000e+00 0.00000000e+00 0.00000000e+00 0.00000000e+00 0.00000000e+00
0.00000000e+00 0.00000000e+00 0.00000000e+00 0.00000000e+00 0.00000000e+00 0.00000000e+00 0.00000000e+00 0.00000000e+00 0.00000000e+00 0.00000000e+00 0.00000000e+00 0.00000000e+00 0.00000000e+00 0.00000000e+00 0.00000000e+00 0.00000000e+00 0.00000000e+00 0.00000000e+00 0.00000000e+00 0.00000000e+00 0.00000000e+00 0.00000000e+00 0.00000000e+00 0.00000000e+00 0.00000000e+00 0.00000000e+00 0.00000000e+00 0.00000000e+00 0.00000000e+00 0.00000000e+00 0.00000000e+00 0.00000000e+00 0.00000000e+00 0.00000000e+00 0.00000000e+00 0.00000000e+00 0.00000000e+00 0.00000000e+00 0.00000000e+00 0.00000000e+00 0.00000000e+00 0.00000000e+00 0.00000000e+00 0.00000000e+00 0.00000000e+00 0.00000000e+00 0.00000000e+00 0.00000000e+00 0.00000000e+00 0.00000000e+00 0.00000000e+00
